Filename,Class_Prob_1,Class_Prob_2,Class_Prob_3,Class_Prob_4,Predicted_Class
bothFireAndSmoke_CV000018.jpg,0.00,0.00,1.00,0.00,neitherFireNorSmoke
bothFireAndSmoke_CV000106.jpg,0.00,0.00,0.98,0.02,neitherFireNorSmoke
bothFireAndSmoke_CV000116.jpg,0.00,0.00,1.00,0.00,neitherFireNorSmoke
bothFireAndSmoke_CV000212.jpg,0.89,0.07,0.01,0.03,bothFireAndSmoke
bothFireAndSmoke_CV000235.jpg,0.01,0.01,0.93,0.05,neitherFireNorSmoke
bothFireAndSmoke_CV000256.jpg,0.93,0.07,0.00,0.00,bothFireAndSmoke
bothFireAndSmoke_CV000305.jpg,0.00,0.00,0.00,1.00,smoke
bothFireAndSmoke_CV000316.jpg,0.00,0.00,1.00,0.00,neitherFireNorSmoke
bothFireAndSmoke_CV000376.jpg,0.00,0.00,1.00,0.00,neitherFireNorSmoke
bothFireAndSmoke_CV000483.jpg,0.00,0.00,0.00,1.00,smoke
bothFireAndSmoke_CV000689.jpg,0.00,0.00,1.00,0.00,neitherFireNorSmoke
bothFireAndSmoke_CV000812.jpg,0.00,0.00,0.99,0.01,neitherFireNorSmoke
bothFireAndSmoke_CV000819.jpg,0.90,0.09,0.01,0.00,bothFireAndSmoke
bothFireAndSmoke_CV000869.jpg,0.97,0.03,0.00,0.00,bothFireAndSmoke
bothFireAndSmoke_CV001029.jpg,0.00,0.05,0.94,0.01,neitherFireNorSmoke
bothFireAndSmoke_CV001041.jpg,0.00,0.00,0.00,1.00,smoke
bothFireAndSmoke_CV001051.jpg,0.00,0.00,1.00,0.00,neitherFireNorSmoke
bothFireAndSmoke_CV001180.jpg,0.11,0.00,0.00,0.89,smoke
bothFireAndSmoke_CV001302.jpg,0.00,0.00,0.00,1.00,smoke
bothFireAndSmoke_CV001307.jpg,0.99,0.01,0.00,0.00,bothFireAndSmoke
bothFireAndSmoke_CV001370.jpg,0.00,0.99,0.00,0.01,fire
bothFireAndSmoke_CV001423.jpg,0.00,0.00,1.00,0.00,neitherFireNorSmoke
bothFireAndSmoke_CV001444.jpg,0.00,0.00,0.00,1.00,smoke
bothFireAndSmoke_CV001643.jpg,0.00,0.00,0.00,1.00,smoke
bothFireAndSmoke_CV001657.jpg,0.00,0.00,0.00,1.00,smoke
bothFireAndSmoke_CV001775.jpg,1.00,0.00,0.00,0.00,bothFireAndSmoke
bothFireAndSmoke_CV001832.jpg,0.00,0.00,1.00,0.00,neitherFireNorSmoke
bothFireAndSmoke_CV001863.jpg,0.00,0.00,1.00,0.00,neitherFireNorSmoke
bothFireAndSmoke_CV001873.jpg,0.00,0.00,1.00,0.00,neitherFireNorSmoke
bothFireAndSmoke_CV001898.jpg,0.00,0.00,1.00,0.00,neitherFireNorSmoke
bothFireAndSmoke_CV001916.jpg,0.00,0.00,0.00,1.00,smoke
bothFireAndSmoke_CV001921.jpg,0.00,0.00,1.00,0.00,neitherFireNorSmoke
bothFireAndSmoke_CV001929.jpg,0.00,0.00,0.99,0.01,neitherFireNorSmoke
bothFireAndSmoke_CV001986.jpg,0.02,0.96,0.01,0.00,fire
bothFireAndSmoke_CV002081.jpg,0.00,0.00,1.00,0.00,neitherFireNorSmoke
bothFireAndSmoke_CV002098.jpg,0.00,0.00,1.00,0.00,neitherFireNorSmoke
bothFireAndSmoke_CV002168.jpg,0.00,0.00,0.00,1.00,smoke
bothFireAndSmoke_CV002208.jpg,0.99,0.01,0.00,0.00,bothFireAndSmoke
bothFireAndSmoke_CV002226.jpg,0.01,0.96,0.03,0.00,fire
bothFireAndSmoke_CV002245.jpg,0.94,0.00,0.01,0.05,bothFireAndSmoke
bothFireAndSmoke_CV002254.jpg,0.01,0.98,0.01,0.00,fire
bothFireAndSmoke_CV002267.jpg,0.00,0.00,0.00,1.00,smoke
bothFireAndSmoke_CV002279.jpg,0.99,0.01,0.00,0.00,bothFireAndSmoke
bothFireAndSmoke_CV002321.jpg,0.00,0.00,0.99,0.01,neitherFireNorSmoke
bothFireAndSmoke_CV002339.jpg,0.00,0.00,1.00,0.00,neitherFireNorSmoke
bothFireAndSmoke_CV002400.jpg,0.00,0.00,1.00,0.00,neitherFireNorSmoke
bothFireAndSmoke_CV002465.jpg,0.00,0.00,0.00,1.00,smoke
bothFireAndSmoke_CV002470.jpg,0.00,0.00,0.00,1.00,smoke
bothFireAndSmoke_CV002580.jpg,0.00,0.00,1.00,0.00,neitherFireNorSmoke
bothFireAndSmoke_CV002582.jpg,0.02,0.00,0.00,0.98,smoke
bothFireAndSmoke_CV002614.jpg,0.00,0.00,0.37,0.63,smoke
bothFireAndSmoke_CV002625.jpg,0.00,0.00,1.00,0.00,neitherFireNorSmoke
bothFireAndSmoke_CV002686.jpg,0.00,0.00,1.00,0.00,neitherFireNorSmoke
bothFireAndSmoke_CV002806.jpg,0.00,0.02,0.98,0.00,neitherFireNorSmoke
bothFireAndSmoke_CV002848.jpg,0.00,0.02,0.97,0.01,neitherFireNorSmoke
bothFireAndSmoke_CV002978.jpg,0.00,0.00,0.00,1.00,smoke
bothFireAndSmoke_CV003024.jpg,0.99,0.00,0.00,0.01,bothFireAndSmoke
bothFireAndSmoke_CV003039.jpg,0.00,0.00,0.00,0.99,smoke
bothFireAndSmoke_CV003056.jpg,0.01,0.00,0.00,0.98,smoke
bothFireAndSmoke_CV003070.jpg,0.00,1.00,0.00,0.00,fire
bothFireAndSmoke_CV003090.jpg,0.05,0.00,0.01,0.95,smoke
bothFireAndSmoke_CV003169.jpg,0.00,0.00,1.00,0.00,neitherFireNorSmoke
bothFireAndSmoke_CV003176.jpg,0.92,0.08,0.00,0.00,bothFireAndSmoke
bothFireAndSmoke_CV003208.jpg,0.00,0.01,0.97,0.02,neitherFireNorSmoke
bothFireAndSmoke_CV003224.jpg,0.04,0.00,0.00,0.96,smoke
bothFireAndSmoke_CV003309.jpg,0.00,0.00,1.00,0.00,neitherFireNorSmoke
bothFireAndSmoke_CV003358.jpg,0.02,0.00,0.00,0.98,smoke
bothFireAndSmoke_CV003542.jpg,0.00,0.02,0.98,0.00,neitherFireNorSmoke
bothFireAndSmoke_CV003580.jpg,0.03,0.01,0.03,0.93,smoke
bothFireAndSmoke_CV003655.jpg,0.00,0.00,1.00,0.00,neitherFireNorSmoke
bothFireAndSmoke_CV003665.jpg,0.99,0.00,0.00,0.01,bothFireAndSmoke
bothFireAndSmoke_CV003753.jpg,0.00,0.00,1.00,0.00,neitherFireNorSmoke
bothFireAndSmoke_CV003782.jpg,0.88,0.06,0.06,0.01,bothFireAndSmoke
bothFireAndSmoke_CV003928.jpg,0.00,0.00,0.00,1.00,smoke
bothFireAndSmoke_CV003965.jpg,0.76,0.04,0.19,0.01,bothFireAndSmoke
bothFireAndSmoke_CV004090.jpg,0.00,1.00,0.00,0.00,fire
bothFireAndSmoke_CV004286.jpg,0.97,0.01,0.01,0.01,bothFireAndSmoke
bothFireAndSmoke_CV004288.jpg,1.00,0.00,0.00,0.00,bothFireAndSmoke
bothFireAndSmoke_CV004335.jpg,0.00,0.00,0.99,0.01,neitherFireNorSmoke
bothFireAndSmoke_CV004340.jpg,0.00,0.99,0.00,0.00,fire
bothFireAndSmoke_CV004532.jpg,0.00,0.00,1.00,0.00,neitherFireNorSmoke
bothFireAndSmoke_CV004572.jpg,0.00,0.00,1.00,0.00,neitherFireNorSmoke
bothFireAndSmoke_CV004593.jpg,0.09,0.91,0.00,0.00,fire
bothFireAndSmoke_CV004681.jpg,0.00,0.00,1.00,0.00,neitherFireNorSmoke
bothFireAndSmoke_CV004884.jpg,0.89,0.08,0.03,0.00,bothFireAndSmoke
bothFireAndSmoke_CV005008.jpg,0.00,0.01,0.99,0.00,neitherFireNorSmoke
bothFireAndSmoke_CV005072.jpg,1.00,0.00,0.00,0.00,bothFireAndSmoke
bothFireAndSmoke_CV005093.jpg,0.00,0.00,0.00,1.00,smoke
bothFireAndSmoke_CV005094.jpg,0.02,0.00,0.01,0.97,smoke
bothFireAndSmoke_CV005169.jpg,0.00,0.00,1.00,0.00,neitherFireNorSmoke
bothFireAndSmoke_CV005231.jpg,1.00,0.00,0.00,0.00,bothFireAndSmoke
bothFireAndSmoke_CV005293.jpg,1.00,0.00,0.00,0.00,bothFireAndSmoke
bothFireAndSmoke_CV005294.jpg,0.00,0.00,0.99,0.01,neitherFireNorSmoke
bothFireAndSmoke_CV005324.jpg,0.00,0.00,0.00,1.00,smoke
bothFireAndSmoke_CV005354.jpg,1.00,0.00,0.00,0.00,bothFireAndSmoke
bothFireAndSmoke_CV005394.jpg,0.00,1.00,0.00,0.00,fire
bothFireAndSmoke_CV005410.jpg,0.00,0.00,1.00,0.00,neitherFireNorSmoke
bothFireAndSmoke_CV005449.jpg,0.00,0.00,0.00,1.00,smoke
bothFireAndSmoke_CV005607.jpg,0.07,0.91,0.01,0.00,fire
bothFireAndSmoke_CV005801.jpg,0.78,0.00,0.01,0.21,bothFireAndSmoke
bothFireAndSmoke_CV005854.jpg,0.00,0.00,1.00,0.00,neitherFireNorSmoke
bothFireAndSmoke_CV006012.jpg,0.00,0.00,1.00,0.00,neitherFireNorSmoke
bothFireAndSmoke_CV006089.jpg,0.00,0.00,0.00,1.00,smoke
bothFireAndSmoke_CV006222.jpg,0.00,0.00,1.00,0.00,neitherFireNorSmoke
bothFireAndSmoke_CV006232.jpg,0.00,1.00,0.00,0.00,fire
bothFireAndSmoke_CV006239.jpg,0.39,0.00,0.00,0.61,smoke
bothFireAndSmoke_CV006278.jpg,0.00,0.00,0.00,1.00,smoke
bothFireAndSmoke_CV006300.jpg,0.00,0.00,0.00,1.00,smoke
bothFireAndSmoke_CV006515.jpg,0.00,0.00,1.00,0.00,neitherFireNorSmoke
bothFireAndSmoke_CV006517.jpg,0.00,0.00,0.00,1.00,smoke
bothFireAndSmoke_CV006591.jpg,0.95,0.01,0.02,0.03,bothFireAndSmoke
bothFireAndSmoke_CV006671.jpg,0.00,0.82,0.17,0.00,fire
bothFireAndSmoke_CV006693.jpg,0.00,0.01,0.97,0.02,neitherFireNorSmoke
bothFireAndSmoke_CV006865.jpg,0.85,0.00,0.00,0.15,bothFireAndSmoke
bothFireAndSmoke_CV006883.jpg,0.00,0.00,0.00,1.00,smoke
bothFireAndSmoke_CV006901.jpg,0.00,0.01,0.97,0.02,neitherFireNorSmoke
bothFireAndSmoke_CV006967.jpg,0.00,0.00,1.00,0.00,neitherFireNorSmoke
bothFireAndSmoke_CV006984.jpg,0.04,0.02,0.81,0.12,neitherFireNorSmoke
bothFireAndSmoke_CV007004.jpg,0.00,0.00,1.00,0.00,neitherFireNorSmoke
bothFireAndSmoke_CV007020.jpg,0.99,0.00,0.00,0.00,bothFireAndSmoke
bothFireAndSmoke_CV007055.jpg,0.00,0.00,1.00,0.00,neitherFireNorSmoke
bothFireAndSmoke_CV007133.jpg,0.07,0.93,0.00,0.00,fire
bothFireAndSmoke_CV007186.jpg,0.95,0.05,0.00,0.00,bothFireAndSmoke
bothFireAndSmoke_CV007196.jpg,0.92,0.08,0.00,0.00,bothFireAndSmoke
bothFireAndSmoke_CV007223.jpg,0.00,0.00,1.00,0.00,neitherFireNorSmoke
bothFireAndSmoke_CV007314.jpg,1.00,0.00,0.00,0.00,bothFireAndSmoke
bothFireAndSmoke_CV007362.jpg,0.03,0.97,0.00,0.00,fire
bothFireAndSmoke_CV007467.jpg,0.00,0.00,1.00,0.00,neitherFireNorSmoke
bothFireAndSmoke_CV007501.jpg,0.99,0.01,0.00,0.01,bothFireAndSmoke
bothFireAndSmoke_CV007505.jpg,0.00,0.00,1.00,0.00,neitherFireNorSmoke
bothFireAndSmoke_CV007540.jpg,0.12,0.03,0.03,0.82,smoke
bothFireAndSmoke_CV007623.jpg,1.00,0.00,0.00,0.00,bothFireAndSmoke
bothFireAndSmoke_CV007745.jpg,0.00,1.00,0.00,0.00,fire
bothFireAndSmoke_CV007757.jpg,0.00,0.01,0.99,0.00,neitherFireNorSmoke
bothFireAndSmoke_CV007798.jpg,0.00,1.00,0.00,0.00,fire
bothFireAndSmoke_CV007821.jpg,0.01,0.06,0.90,0.04,neitherFireNorSmoke
bothFireAndSmoke_CV007962.jpg,0.00,0.00,1.00,0.00,neitherFireNorSmoke
bothFireAndSmoke_CV008004.jpg,0.00,0.00,0.00,1.00,smoke
bothFireAndSmoke_CV008021.jpg,0.01,0.00,0.00,0.99,smoke
bothFireAndSmoke_CV008024.jpg,0.00,0.00,1.00,0.00,neitherFireNorSmoke
bothFireAndSmoke_CV008081.jpg,0.00,0.00,0.00,1.00,smoke
bothFireAndSmoke_CV008131.jpg,0.00,0.00,1.00,0.00,neitherFireNorSmoke
bothFireAndSmoke_CV008147.jpg,0.01,0.00,0.00,0.99,smoke
bothFireAndSmoke_CV008176.jpg,0.00,1.00,0.00,0.00,fire
bothFireAndSmoke_CV008185.jpg,0.04,0.00,0.00,0.96,smoke
bothFireAndSmoke_CV008228.jpg,0.00,0.00,1.00,0.00,neitherFireNorSmoke
bothFireAndSmoke_CV008238.jpg,0.00,0.00,1.00,0.00,neitherFireNorSmoke
bothFireAndSmoke_CV008583.jpg,0.00,0.00,0.00,1.00,smoke
bothFireAndSmoke_CV008630.jpg,0.97,0.00,0.00,0.03,bothFireAndSmoke
bothFireAndSmoke_CV008666.jpg,0.00,0.00,1.00,0.00,neitherFireNorSmoke
bothFireAndSmoke_CV008667.jpg,1.00,0.00,0.00,0.00,bothFireAndSmoke
bothFireAndSmoke_CV008685.jpg,0.95,0.04,0.01,0.00,bothFireAndSmoke
bothFireAndSmoke_CV008690.jpg,0.00,0.00,0.00,1.00,smoke
bothFireAndSmoke_CV008703.jpg,0.00,0.00,1.00,0.00,neitherFireNorSmoke
bothFireAndSmoke_CV008742.jpg,0.00,0.00,1.00,0.00,neitherFireNorSmoke
bothFireAndSmoke_CV008748.jpg,0.01,0.00,0.98,0.01,neitherFireNorSmoke
bothFireAndSmoke_CV008773.jpg,0.93,0.07,0.00,0.00,bothFireAndSmoke
bothFireAndSmoke_CV008845.jpg,0.00,0.00,1.00,0.00,neitherFireNorSmoke
bothFireAndSmoke_CV008924.jpg,0.00,0.00,0.01,0.99,smoke
bothFireAndSmoke_CV009012.jpg,0.00,0.00,0.00,1.00,smoke
bothFireAndSmoke_CV009066.jpg,1.00,0.00,0.00,0.00,bothFireAndSmoke
bothFireAndSmoke_CV009105.jpg,0.30,0.01,0.03,0.67,smoke
bothFireAndSmoke_CV009108.jpg,1.00,0.00,0.00,0.00,bothFireAndSmoke
bothFireAndSmoke_CV009115.jpg,0.00,0.00,0.00,1.00,smoke
bothFireAndSmoke_CV009127.jpg,0.00,1.00,0.00,0.00,fire
bothFireAndSmoke_CV009232.jpg,0.00,0.00,1.00,0.00,neitherFireNorSmoke
bothFireAndSmoke_CV009338.jpg,1.00,0.00,0.00,0.00,bothFireAndSmoke
bothFireAndSmoke_CV009347.jpg,1.00,0.00,0.00,0.00,bothFireAndSmoke
bothFireAndSmoke_CV009482.jpg,0.99,0.01,0.00,0.00,bothFireAndSmoke
bothFireAndSmoke_CV009606.jpg,0.00,0.00,1.00,0.00,neitherFireNorSmoke
bothFireAndSmoke_CV009722.jpg,0.69,0.00,0.00,0.30,bothFireAndSmoke
bothFireAndSmoke_CV009779.jpg,0.02,0.00,0.75,0.23,neitherFireNorSmoke
bothFireAndSmoke_CV009810.jpg,0.15,0.85,0.00,0.00,fire
bothFireAndSmoke_CV009830.jpg,0.00,0.00,1.00,0.00,neitherFireNorSmoke
bothFireAndSmoke_CV009912.jpg,0.00,0.00,1.00,0.00,neitherFireNorSmoke
bothFireAndSmoke_CV010076.jpg,0.00,1.00,0.00,0.00,fire
bothFireAndSmoke_CV010101.jpg,0.15,0.60,0.17,0.07,fire
bothFireAndSmoke_CV010276.jpg,0.00,0.00,1.00,0.00,neitherFireNorSmoke
bothFireAndSmoke_CV010295.jpg,0.82,0.00,0.00,0.18,bothFireAndSmoke
bothFireAndSmoke_CV010336.jpg,0.99,0.00,0.00,0.01,bothFireAndSmoke
bothFireAndSmoke_CV010360.jpg,0.01,0.98,0.01,0.00,fire
bothFireAndSmoke_CV010366.jpg,0.00,0.00,0.98,0.02,neitherFireNorSmoke
bothFireAndSmoke_CV010621.jpg,0.00,0.87,0.13,0.00,fire
bothFireAndSmoke_CV010626.jpg,0.00,0.99,0.00,0.00,fire
bothFireAndSmoke_CV010827.jpg,0.01,0.99,0.01,0.00,fire
bothFireAndSmoke_CV010885.jpg,0.00,0.00,0.99,0.01,neitherFireNorSmoke
bothFireAndSmoke_CV010929.jpg,0.00,0.01,0.99,0.00,neitherFireNorSmoke
bothFireAndSmoke_CV011029.jpg,0.00,0.00,1.00,0.00,neitherFireNorSmoke
bothFireAndSmoke_CV011078.jpg,0.00,0.00,1.00,0.00,neitherFireNorSmoke
bothFireAndSmoke_CV011118.jpg,0.99,0.01,0.00,0.00,bothFireAndSmoke
bothFireAndSmoke_CV011146.jpg,0.00,0.00,0.00,1.00,smoke
bothFireAndSmoke_CV011149.jpg,0.00,0.00,1.00,0.00,neitherFireNorSmoke
bothFireAndSmoke_CV011235.jpg,0.00,0.00,1.00,0.00,neitherFireNorSmoke
bothFireAndSmoke_CV011270.jpg,0.37,0.59,0.03,0.00,fire
bothFireAndSmoke_CV011436.jpg,0.01,0.00,0.09,0.91,smoke
bothFireAndSmoke_CV011609.jpg,0.01,0.98,0.01,0.00,fire
bothFireAndSmoke_CV011641.jpg,0.00,0.99,0.01,0.00,fire
bothFireAndSmoke_CV011724.jpg,0.00,0.00,0.00,1.00,smoke
bothFireAndSmoke_CV011763.jpg,0.01,0.00,0.99,0.00,neitherFireNorSmoke
bothFireAndSmoke_CV011850.jpg,0.00,0.00,0.00,1.00,smoke
bothFireAndSmoke_CV011861.jpg,0.00,0.00,0.00,1.00,smoke
bothFireAndSmoke_CV011948.jpg,0.01,0.99,0.00,0.00,fire
bothFireAndSmoke_CV011954.jpg,0.00,0.01,0.99,0.00,neitherFireNorSmoke
bothFireAndSmoke_CV012098.jpg,0.00,0.00,0.00,1.00,smoke
bothFireAndSmoke_CV012130.jpg,0.08,0.92,0.00,0.00,fire
bothFireAndSmoke_CV012236.jpg,0.00,0.00,0.00,1.00,smoke
bothFireAndSmoke_CV012252.jpg,0.00,0.20,0.79,0.00,neitherFireNorSmoke
bothFireAndSmoke_CV012403.jpg,0.00,0.00,0.00,1.00,smoke
bothFireAndSmoke_CV012433.jpg,0.98,0.00,0.00,0.02,bothFireAndSmoke
bothFireAndSmoke_CV012449.jpg,0.00,0.00,1.00,0.00,neitherFireNorSmoke
bothFireAndSmoke_CV012455.jpg,0.00,0.00,1.00,0.00,neitherFireNorSmoke
bothFireAndSmoke_CV012504.jpg,1.00,0.00,0.00,0.00,bothFireAndSmoke
bothFireAndSmoke_CV012608.jpg,0.00,0.00,1.00,0.00,neitherFireNorSmoke
bothFireAndSmoke_CV012964.jpg,0.99,0.00,0.00,0.00,bothFireAndSmoke
bothFireAndSmoke_CV013074.jpg,1.00,0.00,0.00,0.00,bothFireAndSmoke
bothFireAndSmoke_CV013087.jpg,0.00,0.00,1.00,0.00,neitherFireNorSmoke
bothFireAndSmoke_CV013141.jpg,0.13,0.87,0.00,0.00,fire
bothFireAndSmoke_CV013145.jpg,1.00,0.00,0.00,0.00,bothFireAndSmoke
bothFireAndSmoke_CV013193.jpg,0.00,0.00,0.00,1.00,smoke
bothFireAndSmoke_CV013230.jpg,0.99,0.00,0.00,0.01,bothFireAndSmoke
bothFireAndSmoke_CV013317.jpg,1.00,0.00,0.00,0.00,bothFireAndSmoke
bothFireAndSmoke_CV013338.jpg,0.00,0.00,0.96,0.04,neitherFireNorSmoke
bothFireAndSmoke_CV013491.jpg,0.00,0.00,0.00,1.00,smoke
bothFireAndSmoke_CV013510.jpg,0.00,0.00,1.00,0.00,neitherFireNorSmoke
bothFireAndSmoke_CV013737.jpg,0.90,0.09,0.00,0.00,bothFireAndSmoke
bothFireAndSmoke_CV013824.jpg,0.00,0.00,1.00,0.00,neitherFireNorSmoke
bothFireAndSmoke_CV013825.jpg,0.00,0.00,0.02,0.98,smoke
bothFireAndSmoke_CV013833.jpg,0.00,0.00,0.00,1.00,smoke
bothFireAndSmoke_CV013848.jpg,0.98,0.02,0.00,0.00,bothFireAndSmoke
bothFireAndSmoke_CV013861.jpg,0.00,0.00,0.00,1.00,smoke
bothFireAndSmoke_CV013865.jpg,0.40,0.60,0.00,0.00,fire
bothFireAndSmoke_CV014038.jpg,0.04,0.00,0.00,0.96,smoke
bothFireAndSmoke_CV014083.jpg,0.99,0.00,0.00,0.00,bothFireAndSmoke
bothFireAndSmoke_CV014246.jpg,1.00,0.00,0.00,0.00,bothFireAndSmoke
bothFireAndSmoke_CV014355.jpg,0.82,0.13,0.02,0.02,bothFireAndSmoke
bothFireAndSmoke_CV014358.jpg,0.00,0.00,1.00,0.00,neitherFireNorSmoke
bothFireAndSmoke_CV014478.jpg,0.12,0.00,0.00,0.88,smoke
bothFireAndSmoke_CV014520.jpg,0.00,0.02,0.98,0.00,neitherFireNorSmoke
bothFireAndSmoke_CV014719.jpg,0.00,0.00,0.00,1.00,smoke
bothFireAndSmoke_CV014794.jpg,0.02,0.98,0.00,0.00,fire
bothFireAndSmoke_CV014867.jpg,0.00,0.00,0.00,1.00,smoke
bothFireAndSmoke_CV014909.jpg,0.00,0.00,0.00,1.00,smoke
bothFireAndSmoke_CV014982.jpg,0.06,0.74,0.13,0.06,fire
bothFireAndSmoke_CV015017.jpg,0.00,0.00,0.99,0.01,neitherFireNorSmoke
bothFireAndSmoke_CV015035.jpg,0.00,0.00,1.00,0.00,neitherFireNorSmoke
bothFireAndSmoke_CV015054.jpg,0.94,0.04,0.02,0.00,bothFireAndSmoke
bothFireAndSmoke_CV015147.jpg,0.00,1.00,0.00,0.00,fire
bothFireAndSmoke_CV015303.jpg,0.02,0.98,0.00,0.00,fire
bothFireAndSmoke_CV015337.jpg,1.00,0.00,0.00,0.00,bothFireAndSmoke
bothFireAndSmoke_CV015488.jpg,0.00,0.00,1.00,0.00,neitherFireNorSmoke
bothFireAndSmoke_CV015773.jpg,0.07,0.01,0.09,0.82,smoke
bothFireAndSmoke_CV015913.jpg,0.00,0.01,0.98,0.00,neitherFireNorSmoke
bothFireAndSmoke_CV015924.jpg,0.00,0.00,1.00,0.00,neitherFireNorSmoke
bothFireAndSmoke_CV015947.jpg,0.00,0.00,0.00,1.00,smoke
bothFireAndSmoke_CV016008.jpg,0.00,0.01,0.98,0.00,neitherFireNorSmoke
bothFireAndSmoke_CV016171.jpg,0.02,0.96,0.01,0.00,fire
bothFireAndSmoke_CV016358.jpg,0.00,0.00,1.00,0.00,neitherFireNorSmoke
bothFireAndSmoke_CV016403.jpg,0.00,0.00,1.00,0.00,neitherFireNorSmoke
bothFireAndSmoke_CV016477.jpg,0.00,0.00,0.00,1.00,smoke
bothFireAndSmoke_CV016559.jpg,0.00,0.00,0.99,0.00,neitherFireNorSmoke
bothFireAndSmoke_CV016561.jpg,0.01,0.00,0.00,0.99,smoke
bothFireAndSmoke_CV016576.jpg,0.03,0.47,0.44,0.06,fire
bothFireAndSmoke_CV016635.jpg,0.00,0.00,0.00,1.00,smoke
bothFireAndSmoke_CV016640.jpg,0.97,0.03,0.00,0.00,bothFireAndSmoke
bothFireAndSmoke_CV016696.jpg,0.63,0.33,0.03,0.02,bothFireAndSmoke
bothFireAndSmoke_CV016959.jpg,0.00,0.02,0.96,0.02,neitherFireNorSmoke
bothFireAndSmoke_CV017130.jpg,0.00,0.00,0.00,1.00,smoke
bothFireAndSmoke_CV017290.jpg,0.00,0.00,0.00,1.00,smoke
bothFireAndSmoke_CV017332.jpg,0.00,1.00,0.00,0.00,fire
bothFireAndSmoke_CV017338.jpg,0.00,0.00,1.00,0.00,neitherFireNorSmoke
bothFireAndSmoke_CV017378.jpg,0.00,0.00,1.00,0.00,neitherFireNorSmoke
bothFireAndSmoke_CV017403.jpg,0.00,0.00,0.99,0.00,neitherFireNorSmoke
bothFireAndSmoke_CV017455.jpg,0.00,0.94,0.06,0.00,fire
bothFireAndSmoke_CV017502.jpg,0.01,0.00,0.01,0.98,smoke
bothFireAndSmoke_CV017571.jpg,0.99,0.00,0.00,0.00,bothFireAndSmoke
bothFireAndSmoke_CV017573.jpg,0.08,0.00,0.00,0.92,smoke
bothFireAndSmoke_CV017595.jpg,0.01,0.00,0.01,0.99,smoke
bothFireAndSmoke_CV017617.jpg,1.00,0.00,0.00,0.00,bothFireAndSmoke
bothFireAndSmoke_CV017661.jpg,0.00,0.00,0.99,0.00,neitherFireNorSmoke
bothFireAndSmoke_CV017671.jpg,0.00,0.00,1.00,0.00,neitherFireNorSmoke
bothFireAndSmoke_CV017674.jpg,0.96,0.02,0.00,0.02,bothFireAndSmoke
bothFireAndSmoke_CV017713.jpg,0.86,0.12,0.02,0.00,bothFireAndSmoke
bothFireAndSmoke_CV017800.jpg,0.76,0.15,0.01,0.08,bothFireAndSmoke
bothFireAndSmoke_CV017856.jpg,0.00,0.00,0.00,1.00,smoke
bothFireAndSmoke_CV017870.jpg,1.00,0.00,0.00,0.00,bothFireAndSmoke
bothFireAndSmoke_CV017877.jpg,0.00,0.00,1.00,0.00,neitherFireNorSmoke
bothFireAndSmoke_CV018015.jpg,0.00,0.00,0.00,1.00,smoke
bothFireAndSmoke_CV018033.jpg,0.00,0.00,0.00,1.00,smoke
bothFireAndSmoke_CV018089.jpg,0.00,1.00,0.00,0.00,fire
bothFireAndSmoke_CV018105.jpg,0.99,0.01,0.00,0.00,bothFireAndSmoke
bothFireAndSmoke_CV018128.jpg,0.00,0.00,0.99,0.01,neitherFireNorSmoke
bothFireAndSmoke_CV018150.jpg,0.83,0.14,0.03,0.01,bothFireAndSmoke
bothFireAndSmoke_CV018250.jpg,0.00,0.00,0.00,1.00,smoke
bothFireAndSmoke_CV018346.jpg,0.02,0.03,0.93,0.02,neitherFireNorSmoke
bothFireAndSmoke_CV018379.jpg,0.00,0.00,1.00,0.00,neitherFireNorSmoke
bothFireAndSmoke_CV018448.jpg,0.00,0.00,1.00,0.00,neitherFireNorSmoke
bothFireAndSmoke_CV018521.jpg,0.01,0.98,0.01,0.00,fire
bothFireAndSmoke_CV018585.jpg,0.00,1.00,0.00,0.00,fire
bothFireAndSmoke_CV018591.jpg,0.00,0.00,0.00,1.00,smoke
bothFireAndSmoke_CV018667.jpg,0.99,0.01,0.00,0.00,bothFireAndSmoke
bothFireAndSmoke_CV018711.jpg,0.00,0.00,1.00,0.00,neitherFireNorSmoke
bothFireAndSmoke_CV018881.jpg,0.04,0.96,0.00,0.00,fire
bothFireAndSmoke_CV018918.jpg,1.00,0.00,0.00,0.00,bothFireAndSmoke
bothFireAndSmoke_CV018970.jpg,0.01,0.01,0.98,0.01,neitherFireNorSmoke
bothFireAndSmoke_CV018978.jpg,0.00,0.01,0.99,0.00,neitherFireNorSmoke
bothFireAndSmoke_CV019087.jpg,0.00,0.00,0.00,1.00,smoke
bothFireAndSmoke_CV019121.jpg,0.00,0.00,0.00,1.00,smoke
bothFireAndSmoke_CV019125.jpg,0.00,0.00,1.00,0.00,neitherFireNorSmoke
bothFireAndSmoke_CV019142.jpg,0.00,0.00,0.00,1.00,smoke
bothFireAndSmoke_CV019155.jpg,0.40,0.00,0.00,0.59,smoke
bothFireAndSmoke_CV019277.jpg,0.72,0.20,0.08,0.00,bothFireAndSmoke
bothFireAndSmoke_CV019309.jpg,0.00,0.02,0.96,0.01,neitherFireNorSmoke
bothFireAndSmoke_CV019349.jpg,0.00,0.00,1.00,0.00,neitherFireNorSmoke
bothFireAndSmoke_CV019498.jpg,0.00,0.00,1.00,0.00,neitherFireNorSmoke
bothFireAndSmoke_CV019526.jpg,0.00,0.00,0.00,1.00,smoke
bothFireAndSmoke_CV019543.jpg,0.00,0.00,1.00,0.00,neitherFireNorSmoke
bothFireAndSmoke_CV019726.jpg,0.09,0.00,0.00,0.90,smoke
bothFireAndSmoke_CV019782.jpg,0.00,0.00,1.00,0.00,neitherFireNorSmoke
bothFireAndSmoke_CV019876.jpg,0.94,0.05,0.01,0.00,bothFireAndSmoke
bothFireAndSmoke_CV019954.jpg,0.00,0.00,1.00,0.00,neitherFireNorSmoke
bothFireAndSmoke_CV019960.jpg,0.92,0.05,0.02,0.01,bothFireAndSmoke
bothFireAndSmoke_CV020043.jpg,0.00,0.00,1.00,0.00,neitherFireNorSmoke
fire_CV000043.jpg,1.00,0.00,0.00,0.00,bothFireAndSmoke
fire_CV000200.jpg,0.00,0.00,1.00,0.00,neitherFireNorSmoke
fire_CV000231.jpg,1.00,0.00,0.00,0.00,bothFireAndSmoke
fire_CV000339.jpg,0.12,0.00,0.00,0.88,smoke
fire_CV000423.jpg,1.00,0.00,0.00,0.00,bothFireAndSmoke
fire_CV000534.jpg,0.04,0.00,0.02,0.94,smoke
fire_CV000601.jpg,0.00,0.00,1.00,0.00,neitherFireNorSmoke
fire_CV000653.jpg,0.00,0.00,0.99,0.00,neitherFireNorSmoke
fire_CV000659.jpg,0.00,0.00,0.00,1.00,smoke
fire_CV000745.jpg,0.00,0.00,1.00,0.00,neitherFireNorSmoke
fire_CV000841.jpg,0.00,0.00,1.00,0.00,neitherFireNorSmoke
fire_CV000845.jpg,0.00,0.00,0.00,1.00,smoke
fire_CV000878.jpg,0.00,0.00,0.00,1.00,smoke
fire_CV000893.jpg,0.00,1.00,0.00,0.00,fire
fire_CV000977.jpg,0.11,0.00,0.01,0.87,smoke
fire_CV000986.jpg,0.01,0.00,0.01,0.98,smoke
fire_CV001070.jpg,0.00,0.00,1.00,0.00,neitherFireNorSmoke
fire_CV001143.jpg,0.00,0.00,1.00,0.00,neitherFireNorSmoke
fire_CV001166.jpg,0.00,0.01,0.98,0.01,neitherFireNorSmoke
fire_CV001169.jpg,0.00,0.00,1.00,0.00,neitherFireNorSmoke
fire_CV001213.jpg,0.00,0.00,1.00,0.00,neitherFireNorSmoke
fire_CV001229.jpg,0.00,0.00,0.00,1.00,smoke
fire_CV001330.jpg,0.00,0.00,0.00,1.00,smoke
fire_CV001395.jpg,0.90,0.01,0.02,0.07,bothFireAndSmoke
fire_CV001494.jpg,0.00,1.00,0.00,0.00,fire
fire_CV001496.jpg,0.00,0.00,1.00,0.00,neitherFireNorSmoke
fire_CV001625.jpg,0.00,0.00,0.99,0.00,neitherFireNorSmoke
fire_CV001680.jpg,1.00,0.00,0.00,0.00,bothFireAndSmoke
fire_CV001713.jpg,0.00,0.00,1.00,0.00,neitherFireNorSmoke
fire_CV001858.jpg,0.00,0.00,1.00,0.00,neitherFireNorSmoke
fire_CV001869.jpg,0.98,0.00,0.00,0.01,bothFireAndSmoke
fire_CV001880.jpg,0.00,0.00,1.00,0.00,neitherFireNorSmoke
fire_CV001899.jpg,0.00,1.00,0.00,0.00,fire
fire_CV001924.jpg,0.00,0.00,0.00,1.00,smoke
fire_CV001940.jpg,1.00,0.00,0.00,0.00,bothFireAndSmoke
fire_CV001989.jpg,1.00,0.00,0.00,0.00,bothFireAndSmoke
fire_CV002037.jpg,0.00,0.00,1.00,0.00,neitherFireNorSmoke
fire_CV002073.jpg,0.00,0.00,1.00,0.00,neitherFireNorSmoke
fire_CV002146.jpg,0.72,0.15,0.01,0.13,bothFireAndSmoke
fire_CV002236.jpg,0.22,0.70,0.08,0.00,fire
fire_CV002369.jpg,0.00,0.00,1.00,0.00,neitherFireNorSmoke
fire_CV002441.jpg,0.00,0.00,1.00,0.00,neitherFireNorSmoke
fire_CV002444.jpg,0.00,0.00,0.00,1.00,smoke
fire_CV002485.jpg,0.00,0.00,1.00,0.00,neitherFireNorSmoke
fire_CV002522.jpg,0.00,0.00,0.00,1.00,smoke
fire_CV002573.jpg,0.31,0.63,0.05,0.01,fire
fire_CV002594.jpg,0.00,0.00,1.00,0.00,neitherFireNorSmoke
fire_CV002718.jpg,0.00,0.00,1.00,0.00,neitherFireNorSmoke
fire_CV002847.jpg,1.00,0.00,0.00,0.00,bothFireAndSmoke
fire_CV002973.jpg,0.05,0.94,0.00,0.00,fire
fire_CV003020.jpg,0.00,0.00,0.46,0.54,smoke
fire_CV003073.jpg,0.00,0.00,1.00,0.00,neitherFireNorSmoke
fire_CV003122.jpg,0.00,0.00,0.00,1.00,smoke
fire_CV003404.jpg,0.00,0.00,0.91,0.08,neitherFireNorSmoke
fire_CV003457.jpg,0.00,0.00,1.00,0.00,neitherFireNorSmoke
fire_CV003683.jpg,1.00,0.00,0.00,0.00,bothFireAndSmoke
fire_CV003697.jpg,0.00,0.00,0.00,1.00,smoke
fire_CV003750.jpg,0.00,0.00,1.00,0.00,neitherFireNorSmoke
fire_CV003792.jpg,1.00,0.00,0.00,0.00,bothFireAndSmoke
fire_CV003824.jpg,0.00,1.00,0.00,0.00,fire
fire_CV003920.jpg,0.00,0.00,1.00,0.00,neitherFireNorSmoke
fire_CV003993.jpg,0.00,1.00,0.00,0.00,fire
fire_CV004066.jpg,0.00,0.00,1.00,0.00,neitherFireNorSmoke
fire_CV004102.jpg,0.95,0.04,0.01,0.00,bothFireAndSmoke
fire_CV004136.jpg,0.00,0.00,1.00,0.00,neitherFireNorSmoke
fire_CV004334.jpg,0.00,0.00,1.00,0.00,neitherFireNorSmoke
fire_CV004352.jpg,0.01,0.00,0.88,0.10,neitherFireNorSmoke
fire_CV004415.jpg,0.00,0.01,0.99,0.00,neitherFireNorSmoke
fire_CV004479.jpg,0.01,0.00,0.04,0.95,smoke
fire_CV004494.jpg,1.00,0.00,0.00,0.00,bothFireAndSmoke
fire_CV004526.jpg,0.04,0.00,0.00,0.95,smoke
fire_CV004557.jpg,0.01,0.00,0.00,0.99,smoke
fire_CV004632.jpg,0.97,0.03,0.00,0.00,bothFireAndSmoke
fire_CV004658.jpg,0.06,0.15,0.61,0.18,neitherFireNorSmoke
fire_CV004719.jpg,0.11,0.00,0.00,0.89,smoke
fire_CV004722.jpg,1.00,0.00,0.00,0.00,bothFireAndSmoke
fire_CV004728.jpg,0.26,0.73,0.00,0.00,fire
fire_CV004781.jpg,0.02,0.95,0.03,0.00,fire
fire_CV004871.jpg,1.00,0.00,0.00,0.00,bothFireAndSmoke
fire_CV004978.jpg,0.00,0.01,0.99,0.00,neitherFireNorSmoke
fire_CV004982.jpg,1.00,0.00,0.00,0.00,bothFireAndSmoke
fire_CV005003.jpg,0.00,0.00,1.00,0.00,neitherFireNorSmoke
fire_CV005039.jpg,0.01,0.99,0.00,0.00,fire
fire_CV005091.jpg,0.00,0.00,1.00,0.00,neitherFireNorSmoke
fire_CV005153.jpg,0.00,0.00,0.99,0.01,neitherFireNorSmoke
fire_CV005260.jpg,0.00,0.00,1.00,0.00,neitherFireNorSmoke
fire_CV005280.jpg,0.01,0.09,0.89,0.02,neitherFireNorSmoke
fire_CV005296.jpg,0.00,0.00,1.00,0.00,neitherFireNorSmoke
fire_CV005403.jpg,0.22,0.04,0.61,0.13,neitherFireNorSmoke
fire_CV005460.jpg,0.94,0.00,0.00,0.06,bothFireAndSmoke
fire_CV005568.jpg,0.00,0.00,0.00,1.00,smoke
fire_CV005582.jpg,0.00,0.00,0.00,1.00,smoke
fire_CV005700.jpg,0.01,0.99,0.00,0.00,fire
fire_CV005927.jpg,0.00,0.00,1.00,0.00,neitherFireNorSmoke
fire_CV006232.jpg,0.00,0.00,0.00,1.00,smoke
fire_CV006284.jpg,0.00,0.00,0.00,1.00,smoke
fire_CV006561.jpg,0.00,0.00,0.99,0.01,neitherFireNorSmoke
fire_CV006565.jpg,0.00,0.00,1.00,0.00,neitherFireNorSmoke
fire_CV006594.jpg,0.98,0.01,0.00,0.00,bothFireAndSmoke
fire_CV006622.jpg,0.00,0.00,1.00,0.00,neitherFireNorSmoke
fire_CV006684.jpg,0.00,0.01,0.99,0.00,neitherFireNorSmoke
fire_CV006690.jpg,0.00,0.00,0.99,0.00,neitherFireNorSmoke
fire_CV006693.jpg,1.00,0.00,0.00,0.00,bothFireAndSmoke
fire_CV006770.jpg,0.00,0.00,1.00,0.00,neitherFireNorSmoke
fire_CV006798.jpg,0.00,1.00,0.00,0.00,fire
fire_CV006807.jpg,0.00,0.01,0.99,0.00,neitherFireNorSmoke
fire_CV006818.jpg,0.00,0.00,1.00,0.00,neitherFireNorSmoke
fire_CV007025.jpg,0.00,0.00,1.00,0.00,neitherFireNorSmoke
fire_CV007141.jpg,1.00,0.00,0.00,0.00,bothFireAndSmoke
fire_CV007178.jpg,0.82,0.18,0.00,0.00,bothFireAndSmoke
fire_CV007216.jpg,0.02,0.92,0.05,0.00,fire
fire_CV007245.jpg,0.00,0.00,1.00,0.00,neitherFireNorSmoke
fire_CV007253.jpg,0.00,1.00,0.00,0.00,fire
fire_CV007381.jpg,0.00,0.00,1.00,0.00,neitherFireNorSmoke
fire_CV007438.jpg,1.00,0.00,0.00,0.00,bothFireAndSmoke
fire_CV007451.jpg,0.00,0.00,0.00,1.00,smoke
fire_CV007483.jpg,0.00,0.00,0.00,1.00,smoke
fire_CV007560.jpg,0.00,0.00,0.99,0.01,neitherFireNorSmoke
fire_CV007569.jpg,0.00,0.00,0.00,1.00,smoke
fire_CV007690.jpg,0.00,0.00,0.00,1.00,smoke
fire_CV007700.jpg,0.12,0.00,0.04,0.85,smoke
fire_CV007708.jpg,0.00,0.00,1.00,0.00,neitherFireNorSmoke
fire_CV007736.jpg,0.00,0.00,0.00,1.00,smoke
fire_CV007827.jpg,1.00,0.00,0.00,0.00,bothFireAndSmoke
fire_CV007843.jpg,0.97,0.00,0.00,0.03,bothFireAndSmoke
fire_CV007941.jpg,0.00,0.00,1.00,0.00,neitherFireNorSmoke
fire_CV008042.jpg,1.00,0.00,0.00,0.00,bothFireAndSmoke
fire_CV008056.jpg,0.01,0.00,0.04,0.96,smoke
fire_CV008090.jpg,0.02,0.36,0.59,0.02,neitherFireNorSmoke
fire_CV008117.jpg,0.00,0.00,0.99,0.00,neitherFireNorSmoke
fire_CV008165.jpg,0.00,0.00,1.00,0.00,neitherFireNorSmoke
fire_CV008167.jpg,0.99,0.00,0.00,0.00,bothFireAndSmoke
fire_CV008199.jpg,0.00,0.00,1.00,0.00,neitherFireNorSmoke
fire_CV008327.jpg,0.01,0.00,0.38,0.61,smoke
fire_CV008337.jpg,0.00,0.00,0.98,0.02,neitherFireNorSmoke
fire_CV008431.jpg,0.69,0.30,0.00,0.00,bothFireAndSmoke
fire_CV008494.jpg,0.00,0.00,0.00,1.00,smoke
fire_CV008561.jpg,0.97,0.03,0.00,0.00,bothFireAndSmoke
fire_CV008751.jpg,0.00,0.00,0.00,1.00,smoke
fire_CV008889.jpg,0.00,0.00,0.00,1.00,smoke
fire_CV008922.jpg,0.01,0.02,0.93,0.04,neitherFireNorSmoke
fire_CV008998.jpg,1.00,0.00,0.00,0.00,bothFireAndSmoke
fire_CV009012.jpg,1.00,0.00,0.00,0.00,bothFireAndSmoke
fire_CV009024.jpg,0.00,0.00,1.00,0.00,neitherFireNorSmoke
fire_CV009043.jpg,1.00,0.00,0.00,0.00,bothFireAndSmoke
fire_CV009048.jpg,0.98,0.02,0.00,0.00,bothFireAndSmoke
fire_CV009066.jpg,0.01,0.00,0.00,0.98,smoke
fire_CV009143.jpg,0.42,0.58,0.00,0.00,fire
fire_CV009316.jpg,0.98,0.00,0.00,0.02,bothFireAndSmoke
fire_CV009325.jpg,0.00,0.00,0.00,1.00,smoke
fire_CV009405.jpg,0.00,0.00,0.92,0.07,neitherFireNorSmoke
fire_CV009424.jpg,0.00,0.00,0.00,1.00,smoke
fire_CV009441.jpg,0.12,0.88,0.00,0.00,fire
fire_CV009590.jpg,1.00,0.00,0.00,0.00,bothFireAndSmoke
fire_CV009642.jpg,0.00,0.00,1.00,0.00,neitherFireNorSmoke
fire_CV009663.jpg,0.02,0.02,0.95,0.02,neitherFireNorSmoke
fire_CV009729.jpg,0.00,0.00,0.98,0.02,neitherFireNorSmoke
fire_CV009749.jpg,0.00,0.00,1.00,0.00,neitherFireNorSmoke
fire_CV009766.jpg,0.06,0.94,0.00,0.00,fire
fire_CV009798.jpg,0.00,0.00,0.00,1.00,smoke
fire_CV009820.jpg,0.00,0.00,0.00,1.00,smoke
fire_CV009891.jpg,0.99,0.01,0.00,0.00,bothFireAndSmoke
fire_CV009933.jpg,0.98,0.00,0.00,0.02,bothFireAndSmoke
fire_CV009975.jpg,1.00,0.00,0.00,0.00,bothFireAndSmoke
fire_CV010201.jpg,0.94,0.00,0.01,0.04,bothFireAndSmoke
fire_CV010240.jpg,1.00,0.00,0.00,0.00,bothFireAndSmoke
fire_CV010246.jpg,0.00,0.00,0.00,1.00,smoke
fire_CV010248.jpg,0.00,0.00,0.00,1.00,smoke
fire_CV010312.jpg,0.00,0.00,0.00,1.00,smoke
fire_CV010322.jpg,0.95,0.00,0.00,0.04,bothFireAndSmoke
fire_CV010400.jpg,1.00,0.00,0.00,0.00,bothFireAndSmoke
fire_CV010450.jpg,0.00,0.00,1.00,0.00,neitherFireNorSmoke
fire_CV010610.jpg,0.03,0.00,0.06,0.90,smoke
fire_CV010612.jpg,0.00,1.00,0.00,0.00,fire
fire_CV010674.jpg,0.00,0.00,1.00,0.00,neitherFireNorSmoke
fire_CV010775.jpg,0.96,0.00,0.00,0.04,bothFireAndSmoke
fire_CV010820.jpg,0.00,0.01,0.99,0.00,neitherFireNorSmoke
fire_CV010855.jpg,0.00,0.01,0.98,0.01,neitherFireNorSmoke
fire_CV010979.jpg,0.00,0.00,0.00,1.00,smoke
fire_CV011014.jpg,0.00,0.00,0.97,0.03,neitherFireNorSmoke
fire_CV011246.jpg,0.00,0.00,0.00,1.00,smoke
fire_CV011262.jpg,0.01,0.00,0.00,0.99,smoke
fire_CV011283.jpg,0.00,0.00,0.99,0.01,neitherFireNorSmoke
fire_CV011294.jpg,0.02,0.01,0.21,0.75,smoke
fire_CV011426.jpg,0.97,0.02,0.01,0.00,bothFireAndSmoke
fire_CV011464.jpg,0.00,0.00,0.00,1.00,smoke
fire_CV011557.jpg,0.76,0.00,0.01,0.23,bothFireAndSmoke
fire_CV011582.jpg,0.00,0.00,1.00,0.00,neitherFireNorSmoke
fire_CV011600.jpg,0.99,0.01,0.00,0.00,bothFireAndSmoke
fire_CV011740.jpg,0.06,0.00,0.01,0.94,smoke
fire_CV012034.jpg,1.00,0.00,0.00,0.00,bothFireAndSmoke
fire_CV012125.jpg,0.00,0.00,0.00,1.00,smoke
fire_CV012227.jpg,0.01,0.97,0.01,0.00,fire
fire_CV012270.jpg,0.00,0.00,1.00,0.00,neitherFireNorSmoke
fire_CV012333.jpg,0.00,0.00,1.00,0.00,neitherFireNorSmoke
fire_CV012390.jpg,0.00,0.00,1.00,0.00,neitherFireNorSmoke
fire_CV012451.jpg,0.00,0.00,0.98,0.02,neitherFireNorSmoke
fire_CV012460.jpg,0.00,0.00,1.00,0.00,neitherFireNorSmoke
fire_CV012496.jpg,0.00,0.00,0.00,1.00,smoke
fire_CV012524.jpg,0.01,0.01,0.94,0.04,neitherFireNorSmoke
neitherFireNorSmoke_CV000102.jpg,0.00,0.00,1.00,0.00,neitherFireNorSmoke
neitherFireNorSmoke_CV000185.jpg,0.18,0.80,0.02,0.01,fire
neitherFireNorSmoke_CV000400.jpg,0.00,0.00,0.00,0.99,smoke
neitherFireNorSmoke_CV000503.jpg,0.00,0.00,1.00,0.00,neitherFireNorSmoke
neitherFireNorSmoke_CV000506.jpg,0.99,0.00,0.00,0.00,bothFireAndSmoke
neitherFireNorSmoke_CV000973.jpg,0.03,0.97,0.00,0.00,fire
neitherFireNorSmoke_CV001034.jpg,1.00,0.00,0.00,0.00,bothFireAndSmoke
neitherFireNorSmoke_CV001077.jpg,0.07,0.92,0.00,0.00,fire
neitherFireNorSmoke_CV001194.jpg,0.00,0.00,0.98,0.01,neitherFireNorSmoke
neitherFireNorSmoke_CV001245.jpg,0.00,0.01,0.99,0.01,neitherFireNorSmoke
neitherFireNorSmoke_CV001332.jpg,0.00,0.02,0.98,0.00,neitherFireNorSmoke
neitherFireNorSmoke_CV001366.jpg,0.00,0.00,1.00,0.00,neitherFireNorSmoke
neitherFireNorSmoke_CV001720.jpg,0.00,0.00,1.00,0.00,neitherFireNorSmoke
neitherFireNorSmoke_CV001722.jpg,0.00,0.00,1.00,0.00,neitherFireNorSmoke
neitherFireNorSmoke_CV001747.jpg,0.00,0.00,1.00,0.00,neitherFireNorSmoke
neitherFireNorSmoke_CV001847.jpg,0.00,0.00,1.00,0.00,neitherFireNorSmoke
neitherFireNorSmoke_CV001859.jpg,0.99,0.00,0.00,0.01,bothFireAndSmoke
neitherFireNorSmoke_CV001897.jpg,0.00,0.00,1.00,0.00,neitherFireNorSmoke
neitherFireNorSmoke_CV002009.jpg,0.00,0.00,1.00,0.00,neitherFireNorSmoke
neitherFireNorSmoke_CV002040.jpg,0.04,0.00,0.00,0.96,smoke
neitherFireNorSmoke_CV002041.jpg,0.00,0.00,1.00,0.00,neitherFireNorSmoke
neitherFireNorSmoke_CV002122.jpg,0.01,0.99,0.00,0.00,fire
neitherFireNorSmoke_CV002144.jpg,0.00,0.00,1.00,0.00,neitherFireNorSmoke
neitherFireNorSmoke_CV002399.jpg,0.09,0.00,0.09,0.82,smoke
neitherFireNorSmoke_CV002423.jpg,0.07,0.93,0.00,0.00,fire
neitherFireNorSmoke_CV002464.jpg,0.00,0.99,0.01,0.00,fire
neitherFireNorSmoke_CV002473.jpg,0.00,0.00,1.00,0.00,neitherFireNorSmoke
neitherFireNorSmoke_CV002510.jpg,0.00,0.01,0.96,0.02,neitherFireNorSmoke
neitherFireNorSmoke_CV002565.jpg,1.00,0.00,0.00,0.00,bothFireAndSmoke
neitherFireNorSmoke_CV002688.jpg,0.00,0.00,1.00,0.00,neitherFireNorSmoke
neitherFireNorSmoke_CV002699.jpg,0.58,0.41,0.01,0.00,bothFireAndSmoke
neitherFireNorSmoke_CV002746.jpg,0.00,0.00,1.00,0.00,neitherFireNorSmoke
neitherFireNorSmoke_CV002772.jpg,0.00,0.00,1.00,0.00,neitherFireNorSmoke
neitherFireNorSmoke_CV002841.jpg,0.00,0.00,1.00,0.00,neitherFireNorSmoke
neitherFireNorSmoke_CV002853.jpg,0.00,0.00,1.00,0.00,neitherFireNorSmoke
neitherFireNorSmoke_CV002863.jpg,0.00,0.96,0.04,0.00,fire
neitherFireNorSmoke_CV002870.jpg,0.01,0.99,0.00,0.00,fire
neitherFireNorSmoke_CV002976.jpg,1.00,0.00,0.00,0.00,bothFireAndSmoke
neitherFireNorSmoke_CV003129.jpg,1.00,0.00,0.00,0.00,bothFireAndSmoke
neitherFireNorSmoke_CV003132.jpg,0.00,1.00,0.00,0.00,fire
neitherFireNorSmoke_CV003261.jpg,1.00,0.00,0.00,0.00,bothFireAndSmoke
neitherFireNorSmoke_CV003314.jpg,0.00,1.00,0.00,0.00,fire
neitherFireNorSmoke_CV003419.jpg,0.95,0.04,0.00,0.01,bothFireAndSmoke
neitherFireNorSmoke_CV003431.jpg,0.00,0.00,1.00,0.00,neitherFireNorSmoke
neitherFireNorSmoke_CV003434.jpg,0.00,0.00,0.00,0.99,smoke
neitherFireNorSmoke_CV003490.jpg,0.00,0.00,0.00,1.00,smoke
neitherFireNorSmoke_CV003590.jpg,0.00,0.00,0.96,0.04,neitherFireNorSmoke
neitherFireNorSmoke_CV003631.jpg,0.99,0.00,0.00,0.00,bothFireAndSmoke
neitherFireNorSmoke_CV003681.jpg,0.00,0.00,1.00,0.00,neitherFireNorSmoke
neitherFireNorSmoke_CV003926.jpg,0.00,0.00,0.00,1.00,smoke
neitherFireNorSmoke_CV003930.jpg,0.00,1.00,0.00,0.00,fire
neitherFireNorSmoke_CV003968.jpg,0.00,0.00,1.00,0.00,neitherFireNorSmoke
neitherFireNorSmoke_CV003986.jpg,0.03,0.00,0.00,0.97,smoke
neitherFireNorSmoke_CV004116.jpg,0.01,0.99,0.00,0.00,fire
neitherFireNorSmoke_CV004135.jpg,0.00,1.00,0.00,0.00,fire
neitherFireNorSmoke_CV004165.jpg,0.95,0.05,0.00,0.00,bothFireAndSmoke
neitherFireNorSmoke_CV004255.jpg,0.00,0.00,0.99,0.00,neitherFireNorSmoke
neitherFireNorSmoke_CV004308.jpg,0.00,0.00,1.00,0.00,neitherFireNorSmoke
neitherFireNorSmoke_CV004319.jpg,0.00,1.00,0.00,0.00,fire
neitherFireNorSmoke_CV004399.jpg,0.99,0.00,0.00,0.00,bothFireAndSmoke
neitherFireNorSmoke_CV004406.jpg,0.00,0.00,1.00,0.00,neitherFireNorSmoke
neitherFireNorSmoke_CV004427.jpg,0.00,0.00,1.00,0.00,neitherFireNorSmoke
neitherFireNorSmoke_CV004435.jpg,0.00,1.00,0.00,0.00,fire
neitherFireNorSmoke_CV004496.jpg,0.00,0.00,0.00,1.00,smoke
neitherFireNorSmoke_CV004560.jpg,0.00,0.00,0.00,1.00,smoke
neitherFireNorSmoke_CV004723.jpg,0.13,0.87,0.00,0.00,fire
neitherFireNorSmoke_CV004782.jpg,0.97,0.03,0.00,0.00,bothFireAndSmoke
neitherFireNorSmoke_CV004816.jpg,0.00,0.00,0.00,1.00,smoke
neitherFireNorSmoke_CV004833.jpg,0.00,0.00,1.00,0.00,neitherFireNorSmoke
neitherFireNorSmoke_CV004853.jpg,0.00,0.00,0.99,0.01,neitherFireNorSmoke
neitherFireNorSmoke_CV004917.jpg,0.00,0.00,0.00,1.00,smoke
neitherFireNorSmoke_CV004938.jpg,0.00,0.00,0.00,1.00,smoke
neitherFireNorSmoke_CV005005.jpg,0.00,0.00,1.00,0.00,neitherFireNorSmoke
neitherFireNorSmoke_CV005028.jpg,0.00,0.00,0.00,1.00,smoke
neitherFireNorSmoke_CV005057.jpg,0.01,0.99,0.00,0.00,fire
neitherFireNorSmoke_CV005168.jpg,0.00,0.21,0.78,0.00,neitherFireNorSmoke
neitherFireNorSmoke_CV005294.jpg,0.00,0.00,1.00,0.00,neitherFireNorSmoke
neitherFireNorSmoke_CV005323.jpg,0.02,0.01,0.16,0.81,smoke
neitherFireNorSmoke_CV005348.jpg,0.11,0.89,0.00,0.00,fire
neitherFireNorSmoke_CV005414.jpg,0.00,0.00,0.98,0.02,neitherFireNorSmoke
neitherFireNorSmoke_CV005526.jpg,0.00,0.00,1.00,0.00,neitherFireNorSmoke
neitherFireNorSmoke_CV005552.jpg,0.99,0.00,0.00,0.00,bothFireAndSmoke
neitherFireNorSmoke_CV005594.jpg,0.01,0.87,0.12,0.00,fire
neitherFireNorSmoke_CV005650.jpg,0.00,0.00,1.00,0.00,neitherFireNorSmoke
neitherFireNorSmoke_CV005775.jpg,0.00,0.00,1.00,0.00,neitherFireNorSmoke
neitherFireNorSmoke_CV005917.jpg,0.02,0.62,0.35,0.01,fire
neitherFireNorSmoke_CV005978.jpg,0.00,0.01,0.99,0.00,neitherFireNorSmoke
neitherFireNorSmoke_CV006007.jpg,0.00,0.04,0.96,0.00,neitherFireNorSmoke
neitherFireNorSmoke_CV006010.jpg,0.00,0.01,0.99,0.00,neitherFireNorSmoke
neitherFireNorSmoke_CV006013.jpg,0.00,0.00,0.00,1.00,smoke
neitherFireNorSmoke_CV006109.jpg,0.00,0.00,1.00,0.00,neitherFireNorSmoke
neitherFireNorSmoke_CV006122.jpg,0.00,0.00,0.00,1.00,smoke
neitherFireNorSmoke_CV006124.jpg,0.00,0.00,1.00,0.00,neitherFireNorSmoke
neitherFireNorSmoke_CV006193.jpg,0.00,0.00,0.00,1.00,smoke
neitherFireNorSmoke_CV006231.jpg,0.00,0.00,0.00,1.00,smoke
neitherFireNorSmoke_CV006328.jpg,0.81,0.02,0.03,0.14,bothFireAndSmoke
neitherFireNorSmoke_CV006489.jpg,0.98,0.01,0.00,0.00,bothFireAndSmoke
neitherFireNorSmoke_CV006493.jpg,0.03,0.02,0.95,0.00,neitherFireNorSmoke
neitherFireNorSmoke_CV006499.jpg,0.00,0.00,1.00,0.00,neitherFireNorSmoke
neitherFireNorSmoke_CV006511.jpg,0.87,0.00,0.00,0.13,bothFireAndSmoke
neitherFireNorSmoke_CV006723.jpg,1.00,0.00,0.00,0.00,bothFireAndSmoke
neitherFireNorSmoke_CV006793.jpg,1.00,0.00,0.00,0.00,bothFireAndSmoke
neitherFireNorSmoke_CV006937.jpg,0.00,0.00,1.00,0.00,neitherFireNorSmoke
neitherFireNorSmoke_CV007075.jpg,0.00,1.00,0.00,0.00,fire
neitherFireNorSmoke_CV007092.jpg,0.00,0.01,0.95,0.04,neitherFireNorSmoke
neitherFireNorSmoke_CV007146.jpg,0.00,0.00,1.00,0.00,neitherFireNorSmoke
neitherFireNorSmoke_CV007204.jpg,0.04,0.94,0.01,0.00,fire
neitherFireNorSmoke_CV007265.jpg,0.86,0.14,0.00,0.00,bothFireAndSmoke
neitherFireNorSmoke_CV007286.jpg,0.00,0.01,0.99,0.00,neitherFireNorSmoke
neitherFireNorSmoke_CV007434.jpg,0.02,0.12,0.82,0.03,neitherFireNorSmoke
neitherFireNorSmoke_CV007448.jpg,0.00,0.00,1.00,0.00,neitherFireNorSmoke
neitherFireNorSmoke_CV007459.jpg,0.94,0.05,0.00,0.01,bothFireAndSmoke
neitherFireNorSmoke_CV007472.jpg,0.00,0.00,0.00,1.00,smoke
neitherFireNorSmoke_CV007498.jpg,0.00,0.00,0.00,1.00,smoke
neitherFireNorSmoke_CV007529.jpg,0.00,0.00,0.00,1.00,smoke
neitherFireNorSmoke_CV007548.jpg,0.00,0.00,0.00,1.00,smoke
neitherFireNorSmoke_CV007717.jpg,0.00,0.00,1.00,0.00,neitherFireNorSmoke
neitherFireNorSmoke_CV007863.jpg,1.00,0.00,0.00,0.00,bothFireAndSmoke
neitherFireNorSmoke_CV007953.jpg,0.01,0.99,0.00,0.00,fire
neitherFireNorSmoke_CV007985.jpg,0.00,0.00,1.00,0.00,neitherFireNorSmoke
neitherFireNorSmoke_CV008005.jpg,0.00,0.00,1.00,0.00,neitherFireNorSmoke
neitherFireNorSmoke_CV008010.jpg,0.39,0.00,0.00,0.61,smoke
neitherFireNorSmoke_CV008029.jpg,0.00,0.00,1.00,0.00,neitherFireNorSmoke
neitherFireNorSmoke_CV008037.jpg,0.00,0.05,0.94,0.00,neitherFireNorSmoke
neitherFireNorSmoke_CV008137.jpg,0.00,0.00,1.00,0.00,neitherFireNorSmoke
neitherFireNorSmoke_CV008170.jpg,0.97,0.03,0.00,0.00,bothFireAndSmoke
neitherFireNorSmoke_CV008213.jpg,0.85,0.07,0.05,0.03,bothFireAndSmoke
neitherFireNorSmoke_CV008252.jpg,0.00,0.00,1.00,0.00,neitherFireNorSmoke
neitherFireNorSmoke_CV008270.jpg,0.11,0.82,0.07,0.00,fire
neitherFireNorSmoke_CV008272.jpg,0.02,0.00,0.09,0.89,smoke
neitherFireNorSmoke_CV008307.jpg,0.00,0.00,0.98,0.02,neitherFireNorSmoke
neitherFireNorSmoke_CV008375.jpg,0.82,0.09,0.02,0.07,bothFireAndSmoke
neitherFireNorSmoke_CV008410.jpg,0.00,0.00,1.00,0.00,neitherFireNorSmoke
neitherFireNorSmoke_CV008456.jpg,0.28,0.00,0.00,0.72,smoke
neitherFireNorSmoke_CV008466.jpg,0.00,0.00,1.00,0.00,neitherFireNorSmoke
neitherFireNorSmoke_CV008504.jpg,0.00,0.00,0.00,1.00,smoke
neitherFireNorSmoke_CV008527.jpg,0.04,0.96,0.00,0.00,fire
neitherFireNorSmoke_CV008569.jpg,0.00,0.00,1.00,0.00,neitherFireNorSmoke
neitherFireNorSmoke_CV008588.jpg,0.32,0.66,0.03,0.00,fire
neitherFireNorSmoke_CV008743.jpg,1.00,0.00,0.00,0.00,bothFireAndSmoke
neitherFireNorSmoke_CV008837.jpg,0.00,0.00,1.00,0.00,neitherFireNorSmoke
neitherFireNorSmoke_CV008895.jpg,0.00,0.00,1.00,0.00,neitherFireNorSmoke
neitherFireNorSmoke_CV008993.jpg,0.00,0.00,0.00,1.00,smoke
neitherFireNorSmoke_CV009015.jpg,0.00,0.00,0.00,1.00,smoke
neitherFireNorSmoke_CV009023.jpg,0.00,0.00,1.00,0.00,neitherFireNorSmoke
neitherFireNorSmoke_CV009101.jpg,0.86,0.13,0.01,0.00,bothFireAndSmoke
neitherFireNorSmoke_CV009268.jpg,0.00,0.97,0.03,0.00,fire
neitherFireNorSmoke_CV009297.jpg,1.00,0.00,0.00,0.00,bothFireAndSmoke
neitherFireNorSmoke_CV009357.jpg,0.72,0.00,0.01,0.27,bothFireAndSmoke
neitherFireNorSmoke_CV009388.jpg,0.00,0.00,0.00,1.00,smoke
neitherFireNorSmoke_CV009482.jpg,0.99,0.01,0.00,0.00,bothFireAndSmoke
neitherFireNorSmoke_CV009571.jpg,0.00,0.01,0.99,0.00,neitherFireNorSmoke
neitherFireNorSmoke_CV009597.jpg,0.00,0.02,0.98,0.00,neitherFireNorSmoke
neitherFireNorSmoke_CV009656.jpg,0.00,0.00,0.98,0.02,neitherFireNorSmoke
neitherFireNorSmoke_CV009721.jpg,0.02,0.96,0.02,0.00,fire
neitherFireNorSmoke_CV009798.jpg,0.00,0.00,0.00,1.00,smoke
neitherFireNorSmoke_CV009854.jpg,0.00,0.00,1.00,0.00,neitherFireNorSmoke
neitherFireNorSmoke_CV009886.jpg,1.00,0.00,0.00,0.00,bothFireAndSmoke
neitherFireNorSmoke_CV009893.jpg,1.00,0.00,0.00,0.00,bothFireAndSmoke
neitherFireNorSmoke_CV010003.jpg,0.00,0.00,0.99,0.01,neitherFireNorSmoke
neitherFireNorSmoke_CV010018.jpg,0.01,0.00,0.00,0.99,smoke
neitherFireNorSmoke_CV010028.jpg,0.02,0.00,0.00,0.98,smoke
neitherFireNorSmoke_CV010055.jpg,0.00,0.00,1.00,0.00,neitherFireNorSmoke
neitherFireNorSmoke_CV010126.jpg,0.13,0.86,0.00,0.00,fire
neitherFireNorSmoke_CV010154.jpg,0.00,0.02,0.97,0.00,neitherFireNorSmoke
neitherFireNorSmoke_CV010196.jpg,0.00,0.00,0.00,1.00,smoke
neitherFireNorSmoke_CV010315.jpg,0.00,0.00,0.00,1.00,smoke
neitherFireNorSmoke_CV010316.jpg,0.94,0.00,0.00,0.06,bothFireAndSmoke
neitherFireNorSmoke_CV010322.jpg,0.00,0.00,0.99,0.01,neitherFireNorSmoke
neitherFireNorSmoke_CV010403.jpg,0.57,0.02,0.04,0.37,bothFireAndSmoke
neitherFireNorSmoke_CV010506.jpg,0.00,0.00,0.00,1.00,smoke
neitherFireNorSmoke_CV010614.jpg,0.99,0.00,0.00,0.00,bothFireAndSmoke
neitherFireNorSmoke_CV010620.jpg,0.00,0.00,0.97,0.02,neitherFireNorSmoke
neitherFireNorSmoke_CV010633.jpg,0.10,0.06,0.82,0.02,neitherFireNorSmoke
neitherFireNorSmoke_CV010790.jpg,0.00,0.96,0.04,0.00,fire
neitherFireNorSmoke_CV010848.jpg,0.00,0.00,1.00,0.00,neitherFireNorSmoke
neitherFireNorSmoke_CV010921.jpg,0.00,0.00,1.00,0.00,neitherFireNorSmoke
neitherFireNorSmoke_CV011018.jpg,0.00,0.00,1.00,0.00,neitherFireNorSmoke
neitherFireNorSmoke_CV011051.jpg,0.00,0.00,0.00,1.00,smoke
neitherFireNorSmoke_CV011219.jpg,0.00,0.00,1.00,0.00,neitherFireNorSmoke
neitherFireNorSmoke_CV011263.jpg,0.00,0.00,0.00,1.00,smoke
neitherFireNorSmoke_CV011308.jpg,0.00,1.00,0.00,0.00,fire
neitherFireNorSmoke_CV011315.jpg,0.00,0.00,0.00,1.00,smoke
neitherFireNorSmoke_CV011409.jpg,0.00,0.00,1.00,0.00,neitherFireNorSmoke
neitherFireNorSmoke_CV011419.jpg,0.00,0.00,0.00,0.99,smoke
neitherFireNorSmoke_CV011514.jpg,0.00,0.00,1.00,0.00,neitherFireNorSmoke
neitherFireNorSmoke_CV011823.jpg,0.00,1.00,0.00,0.00,fire
neitherFireNorSmoke_CV011826.jpg,0.01,0.94,0.00,0.05,fire
neitherFireNorSmoke_CV011851.jpg,0.00,0.00,0.00,1.00,smoke
neitherFireNorSmoke_CV011925.jpg,0.00,0.00,0.00,1.00,smoke
neitherFireNorSmoke_CV011945.jpg,0.00,0.00,1.00,0.00,neitherFireNorSmoke
neitherFireNorSmoke_CV012192.jpg,0.00,0.00,0.99,0.00,neitherFireNorSmoke
neitherFireNorSmoke_CV012275.jpg,0.01,0.00,0.00,0.99,smoke
neitherFireNorSmoke_CV012336.jpg,0.11,0.00,0.00,0.89,smoke
neitherFireNorSmoke_CV012439.jpg,0.00,0.00,0.98,0.01,neitherFireNorSmoke
neitherFireNorSmoke_CV012524.jpg,0.00,0.00,0.00,1.00,smoke
neitherFireNorSmoke_CV012583.jpg,0.00,0.00,1.00,0.00,neitherFireNorSmoke
neitherFireNorSmoke_CV012707.jpg,0.01,0.99,0.00,0.00,fire
neitherFireNorSmoke_CV012715.jpg,0.00,0.00,1.00,0.00,neitherFireNorSmoke
neitherFireNorSmoke_CV012864.jpg,0.00,0.00,1.00,0.00,neitherFireNorSmoke
neitherFireNorSmoke_CV012928.jpg,1.00,0.00,0.00,0.00,bothFireAndSmoke
neitherFireNorSmoke_CV013072.jpg,0.00,0.00,1.00,0.00,neitherFireNorSmoke
neitherFireNorSmoke_CV013087.jpg,0.00,0.00,1.00,0.00,neitherFireNorSmoke
neitherFireNorSmoke_CV013118.jpg,0.00,0.00,1.00,0.00,neitherFireNorSmoke
neitherFireNorSmoke_CV013171.jpg,0.00,0.00,1.00,0.00,neitherFireNorSmoke
neitherFireNorSmoke_CV013211.jpg,0.00,0.00,0.00,1.00,smoke
neitherFireNorSmoke_CV013370.jpg,0.00,0.00,1.00,0.00,neitherFireNorSmoke
neitherFireNorSmoke_CV013397.jpg,0.00,0.00,0.00,1.00,smoke
neitherFireNorSmoke_CV013448.jpg,0.00,0.00,1.00,0.00,neitherFireNorSmoke
neitherFireNorSmoke_CV013576.jpg,0.00,0.00,1.00,0.00,neitherFireNorSmoke
neitherFireNorSmoke_CV013815.jpg,0.00,0.00,0.00,1.00,smoke
neitherFireNorSmoke_CV013843.jpg,0.01,0.98,0.02,0.00,fire
neitherFireNorSmoke_CV013900.jpg,0.00,1.00,0.00,0.00,fire
neitherFireNorSmoke_CV013942.jpg,0.17,0.04,0.72,0.07,neitherFireNorSmoke
neitherFireNorSmoke_CV014037.jpg,0.00,0.00,1.00,0.00,neitherFireNorSmoke
neitherFireNorSmoke_CV014062.jpg,0.00,0.00,1.00,0.00,neitherFireNorSmoke
neitherFireNorSmoke_CV014091.jpg,0.00,0.00,0.00,1.00,smoke
neitherFireNorSmoke_CV014098.jpg,0.00,0.00,0.00,1.00,smoke
neitherFireNorSmoke_CV014127.jpg,0.02,0.01,0.63,0.34,neitherFireNorSmoke
neitherFireNorSmoke_CV014133.jpg,0.00,0.00,1.00,0.00,neitherFireNorSmoke
neitherFireNorSmoke_CV014152.jpg,0.00,0.00,0.00,1.00,smoke
neitherFireNorSmoke_CV014238.jpg,1.00,0.00,0.00,0.00,bothFireAndSmoke
neitherFireNorSmoke_CV014451.jpg,0.00,0.00,0.00,1.00,smoke
neitherFireNorSmoke_CV014520.jpg,0.99,0.00,0.00,0.01,bothFireAndSmoke
neitherFireNorSmoke_CV014551.jpg,0.00,0.02,0.98,0.00,neitherFireNorSmoke
neitherFireNorSmoke_CV014695.jpg,0.88,0.02,0.02,0.08,bothFireAndSmoke
neitherFireNorSmoke_CV014696.jpg,0.03,0.97,0.00,0.00,fire
neitherFireNorSmoke_CV014715.jpg,0.13,0.00,0.00,0.87,smoke
neitherFireNorSmoke_CV014776.jpg,0.00,0.00,0.99,0.01,neitherFireNorSmoke
neitherFireNorSmoke_CV014821.jpg,0.00,0.00,1.00,0.00,neitherFireNorSmoke
neitherFireNorSmoke_CV014846.jpg,0.00,0.00,0.00,1.00,smoke
neitherFireNorSmoke_CV014974.jpg,0.00,0.00,0.00,1.00,smoke
neitherFireNorSmoke_CV015080.jpg,0.00,0.03,0.96,0.00,neitherFireNorSmoke
neitherFireNorSmoke_CV015335.jpg,0.00,0.00,0.00,1.00,smoke
neitherFireNorSmoke_CV015466.jpg,0.00,0.00,1.00,0.00,neitherFireNorSmoke
neitherFireNorSmoke_CV015473.jpg,0.08,0.92,0.00,0.00,fire
neitherFireNorSmoke_CV015484.jpg,0.00,0.00,1.00,0.00,neitherFireNorSmoke
neitherFireNorSmoke_CV015514.jpg,0.00,0.00,0.00,1.00,smoke
neitherFireNorSmoke_CV015573.jpg,0.95,0.01,0.01,0.03,bothFireAndSmoke
neitherFireNorSmoke_CV015593.jpg,0.01,0.01,0.94,0.05,neitherFireNorSmoke
neitherFireNorSmoke_CV015626.jpg,0.00,1.00,0.00,0.00,fire
neitherFireNorSmoke_CV015802.jpg,0.00,0.00,1.00,0.00,neitherFireNorSmoke
neitherFireNorSmoke_CV015842.jpg,0.09,0.00,0.00,0.91,smoke
neitherFireNorSmoke_CV015855.jpg,0.06,0.94,0.00,0.00,fire
neitherFireNorSmoke_CV015945.jpg,0.00,0.00,1.00,0.00,neitherFireNorSmoke
neitherFireNorSmoke_CV015962.jpg,0.00,0.01,0.98,0.01,neitherFireNorSmoke
neitherFireNorSmoke_CV016048.jpg,0.00,0.01,0.98,0.00,neitherFireNorSmoke
neitherFireNorSmoke_CV016358.jpg,0.97,0.00,0.00,0.03,bothFireAndSmoke
neitherFireNorSmoke_CV016384.jpg,0.04,0.93,0.03,0.00,fire
neitherFireNorSmoke_CV016423.jpg,0.00,0.00,1.00,0.00,neitherFireNorSmoke
neitherFireNorSmoke_CV016426.jpg,0.01,0.99,0.00,0.00,fire
neitherFireNorSmoke_CV016514.jpg,1.00,0.00,0.00,0.00,bothFireAndSmoke
neitherFireNorSmoke_CV016601.jpg,0.03,0.00,0.01,0.95,smoke
neitherFireNorSmoke_CV016623.jpg,0.00,0.00,1.00,0.00,neitherFireNorSmoke
neitherFireNorSmoke_CV016745.jpg,0.00,0.00,1.00,0.00,neitherFireNorSmoke
neitherFireNorSmoke_CV016772.jpg,0.00,0.01,0.99,0.00,neitherFireNorSmoke
neitherFireNorSmoke_CV016775.jpg,0.00,0.00,1.00,0.00,neitherFireNorSmoke
neitherFireNorSmoke_CV017058.jpg,0.00,0.00,0.00,1.00,smoke
neitherFireNorSmoke_CV017155.jpg,0.97,0.02,0.00,0.00,bothFireAndSmoke
neitherFireNorSmoke_CV017344.jpg,0.01,0.00,0.00,0.99,smoke
neitherFireNorSmoke_CV017391.jpg,0.00,0.00,0.00,1.00,smoke
neitherFireNorSmoke_CV017479.jpg,0.02,0.98,0.00,0.00,fire
neitherFireNorSmoke_CV017832.jpg,0.98,0.00,0.00,0.02,bothFireAndSmoke
neitherFireNorSmoke_CV017877.jpg,0.00,0.00,0.97,0.02,neitherFireNorSmoke
neitherFireNorSmoke_CV017902.jpg,0.00,0.01,0.99,0.00,neitherFireNorSmoke
neitherFireNorSmoke_CV017909.jpg,0.01,0.00,0.00,0.99,smoke
neitherFireNorSmoke_CV017986.jpg,0.00,0.98,0.01,0.00,fire
neitherFireNorSmoke_CV017993.jpg,0.00,0.00,1.00,0.00,neitherFireNorSmoke
neitherFireNorSmoke_CV018001.jpg,0.00,0.03,0.96,0.01,neitherFireNorSmoke
neitherFireNorSmoke_CV018023.jpg,0.00,0.00,1.00,0.00,neitherFireNorSmoke
neitherFireNorSmoke_CV018080.jpg,0.00,0.00,1.00,0.00,neitherFireNorSmoke
neitherFireNorSmoke_CV018171.jpg,0.00,0.00,1.00,0.00,neitherFireNorSmoke
neitherFireNorSmoke_CV018256.jpg,0.02,0.00,0.02,0.96,smoke
neitherFireNorSmoke_CV018264.jpg,0.00,0.00,0.99,0.01,neitherFireNorSmoke
neitherFireNorSmoke_CV018333.jpg,0.09,0.90,0.01,0.00,fire
neitherFireNorSmoke_CV018466.jpg,0.00,0.00,0.00,1.00,smoke
neitherFireNorSmoke_CV018539.jpg,0.00,0.00,1.00,0.00,neitherFireNorSmoke
neitherFireNorSmoke_CV018562.jpg,0.13,0.86,0.00,0.00,fire
neitherFireNorSmoke_CV018615.jpg,0.24,0.76,0.00,0.00,fire
neitherFireNorSmoke_CV018621.jpg,0.00,1.00,0.00,0.00,fire
neitherFireNorSmoke_CV018681.jpg,0.00,1.00,0.00,0.00,fire
neitherFireNorSmoke_CV018715.jpg,0.00,0.00,1.00,0.00,neitherFireNorSmoke
neitherFireNorSmoke_CV018800.jpg,0.00,1.00,0.00,0.00,fire
neitherFireNorSmoke_CV018813.jpg,0.01,0.99,0.01,0.00,fire
neitherFireNorSmoke_CV018881.jpg,0.99,0.00,0.00,0.01,bothFireAndSmoke
neitherFireNorSmoke_CV018969.jpg,0.00,0.00,0.00,1.00,smoke
neitherFireNorSmoke_CV018973.jpg,0.00,0.00,1.00,0.00,neitherFireNorSmoke
neitherFireNorSmoke_CV018983.jpg,0.00,0.04,0.96,0.00,neitherFireNorSmoke
neitherFireNorSmoke_CV019029.jpg,0.00,1.00,0.00,0.00,fire
neitherFireNorSmoke_CV019231.jpg,0.00,0.00,0.00,1.00,smoke
neitherFireNorSmoke_CV019252.jpg,0.00,0.00,1.00,0.00,neitherFireNorSmoke
neitherFireNorSmoke_CV019326.jpg,0.00,0.00,1.00,0.00,neitherFireNorSmoke
neitherFireNorSmoke_CV019375.jpg,0.00,0.00,0.00,1.00,smoke
neitherFireNorSmoke_CV019492.jpg,0.00,0.00,1.00,0.00,neitherFireNorSmoke
neitherFireNorSmoke_CV019657.jpg,0.00,0.00,1.00,0.00,neitherFireNorSmoke
neitherFireNorSmoke_CV019736.jpg,0.00,0.73,0.27,0.00,fire
neitherFireNorSmoke_CV019753.jpg,0.00,0.00,1.00,0.00,neitherFireNorSmoke
neitherFireNorSmoke_CV019767.jpg,0.00,0.00,1.00,0.00,neitherFireNorSmoke
neitherFireNorSmoke_CV019798.jpg,0.00,0.00,0.99,0.01,neitherFireNorSmoke
neitherFireNorSmoke_CV019845.jpg,0.97,0.00,0.00,0.03,bothFireAndSmoke
neitherFireNorSmoke_CV019931.jpg,0.00,0.00,0.98,0.02,neitherFireNorSmoke
neitherFireNorSmoke_CV020086.jpg,0.16,0.00,0.01,0.83,smoke
neitherFireNorSmoke_CV020212.jpg,0.00,0.04,0.90,0.05,neitherFireNorSmoke
neitherFireNorSmoke_CV020241.jpg,0.97,0.03,0.00,0.00,bothFireAndSmoke
neitherFireNorSmoke_CV020249.jpg,0.01,0.99,0.00,0.00,fire
neitherFireNorSmoke_CV020269.jpg,0.00,0.00,1.00,0.00,neitherFireNorSmoke
neitherFireNorSmoke_CV020281.jpg,0.00,0.00,0.00,1.00,smoke
neitherFireNorSmoke_CV020288.jpg,0.00,0.00,1.00,0.00,neitherFireNorSmoke
neitherFireNorSmoke_CV020331.jpg,0.01,0.99,0.00,0.00,fire
neitherFireNorSmoke_CV020342.jpg,0.00,0.00,1.00,0.00,neitherFireNorSmoke
neitherFireNorSmoke_CV020423.jpg,0.00,0.00,0.00,1.00,smoke
neitherFireNorSmoke_CV020476.jpg,0.98,0.02,0.00,0.00,bothFireAndSmoke
neitherFireNorSmoke_CV020481.jpg,0.00,0.00,1.00,0.00,neitherFireNorSmoke
neitherFireNorSmoke_CV020483.jpg,0.95,0.00,0.00,0.05,bothFireAndSmoke
neitherFireNorSmoke_CV020516.jpg,0.00,0.00,0.00,1.00,smoke
neitherFireNorSmoke_CV020603.jpg,0.00,0.02,0.98,0.00,neitherFireNorSmoke
neitherFireNorSmoke_CV020682.jpg,0.00,0.00,1.00,0.00,neitherFireNorSmoke
neitherFireNorSmoke_CV020718.jpg,0.00,0.00,1.00,0.00,neitherFireNorSmoke
neitherFireNorSmoke_CV020776.jpg,0.98,0.01,0.00,0.00,bothFireAndSmoke
neitherFireNorSmoke_CV020885.jpg,0.05,0.00,0.00,0.95,smoke
neitherFireNorSmoke_CV020913.jpg,0.00,0.00,0.99,0.01,neitherFireNorSmoke
neitherFireNorSmoke_CV020926.jpg,0.03,0.96,0.00,0.00,fire
neitherFireNorSmoke_CV020944.jpg,0.00,0.00,1.00,0.00,neitherFireNorSmoke
neitherFireNorSmoke_CV021050.jpg,1.00,0.00,0.00,0.00,bothFireAndSmoke
neitherFireNorSmoke_CV021109.jpg,0.87,0.13,0.00,0.00,bothFireAndSmoke
neitherFireNorSmoke_CV021145.jpg,0.00,0.00,0.01,0.99,smoke
neitherFireNorSmoke_CV021181.jpg,1.00,0.00,0.00,0.00,bothFireAndSmoke
neitherFireNorSmoke_CV021218.jpg,0.86,0.00,0.00,0.13,bothFireAndSmoke
neitherFireNorSmoke_CV021258.jpg,0.49,0.51,0.00,0.00,fire
neitherFireNorSmoke_CV021284.jpg,0.00,0.00,1.00,0.00,neitherFireNorSmoke
neitherFireNorSmoke_CV021311.jpg,0.99,0.01,0.00,0.00,bothFireAndSmoke
neitherFireNorSmoke_CV021490.jpg,0.10,0.24,0.53,0.13,neitherFireNorSmoke
neitherFireNorSmoke_CV021503.jpg,0.00,0.00,1.00,0.00,neitherFireNorSmoke
neitherFireNorSmoke_CV021527.jpg,0.01,0.73,0.26,0.00,fire
neitherFireNorSmoke_CV021532.jpg,0.00,0.00,1.00,0.00,neitherFireNorSmoke
neitherFireNorSmoke_CV021603.jpg,0.00,0.00,1.00,0.00,neitherFireNorSmoke
neitherFireNorSmoke_CV021606.jpg,0.99,0.00,0.00,0.01,bothFireAndSmoke
neitherFireNorSmoke_CV021791.jpg,0.00,0.00,0.00,1.00,smoke
neitherFireNorSmoke_CV021827.jpg,0.03,0.00,0.01,0.96,smoke
neitherFireNorSmoke_CV021847.jpg,0.14,0.86,0.00,0.00,fire
neitherFireNorSmoke_CV021856.jpg,0.00,0.00,0.99,0.01,neitherFireNorSmoke
neitherFireNorSmoke_CV021973.jpg,0.00,0.00,0.00,1.00,smoke
neitherFireNorSmoke_CV022070.jpg,0.00,0.00,0.00,1.00,smoke
neitherFireNorSmoke_CV022126.jpg,0.60,0.25,0.11,0.04,bothFireAndSmoke
neitherFireNorSmoke_CV022175.jpg,0.00,0.00,1.00,0.00,neitherFireNorSmoke
neitherFireNorSmoke_CV022187.jpg,0.03,0.00,0.00,0.97,smoke
neitherFireNorSmoke_CV022212.jpg,0.00,0.00,1.00,0.00,neitherFireNorSmoke
neitherFireNorSmoke_CV022219.jpg,0.00,0.00,1.00,0.00,neitherFireNorSmoke
neitherFireNorSmoke_CV022250.jpg,0.00,0.00,1.00,0.00,neitherFireNorSmoke
neitherFireNorSmoke_CV022270.jpg,0.97,0.00,0.00,0.03,bothFireAndSmoke
neitherFireNorSmoke_CV022340.jpg,0.00,0.00,1.00,0.00,neitherFireNorSmoke
neitherFireNorSmoke_CV022507.jpg,0.02,0.00,0.02,0.96,smoke
neitherFireNorSmoke_CV022578.jpg,0.00,0.00,1.00,0.00,neitherFireNorSmoke
neitherFireNorSmoke_CV022596.jpg,0.00,1.00,0.00,0.00,fire
neitherFireNorSmoke_CV022621.jpg,0.00,0.00,0.00,1.00,smoke
neitherFireNorSmoke_CV022676.jpg,1.00,0.00,0.00,0.00,bothFireAndSmoke
neitherFireNorSmoke_CV022896.jpg,0.01,0.00,0.00,0.99,smoke
neitherFireNorSmoke_CV023004.jpg,0.00,0.00,1.00,0.00,neitherFireNorSmoke
neitherFireNorSmoke_CV023009.jpg,1.00,0.00,0.00,0.00,bothFireAndSmoke
neitherFireNorSmoke_CV023038.jpg,0.00,0.00,1.00,0.00,neitherFireNorSmoke
neitherFireNorSmoke_CV023045.jpg,0.00,0.00,1.00,0.00,neitherFireNorSmoke
neitherFireNorSmoke_CV023064.jpg,0.99,0.00,0.00,0.00,bothFireAndSmoke
neitherFireNorSmoke_CV023088.jpg,0.00,1.00,0.00,0.00,fire
neitherFireNorSmoke_CV023105.jpg,0.02,0.89,0.08,0.01,fire
neitherFireNorSmoke_CV023210.jpg,0.00,0.00,0.00,1.00,smoke
neitherFireNorSmoke_CV023394.jpg,0.00,0.00,1.00,0.00,neitherFireNorSmoke
neitherFireNorSmoke_CV023402.jpg,0.00,0.00,0.00,1.00,smoke
neitherFireNorSmoke_CV023477.jpg,0.00,0.00,0.95,0.04,neitherFireNorSmoke
neitherFireNorSmoke_CV023632.jpg,0.00,0.00,1.00,0.00,neitherFireNorSmoke
neitherFireNorSmoke_CV023651.jpg,0.98,0.01,0.00,0.01,bothFireAndSmoke
neitherFireNorSmoke_CV023690.jpg,0.68,0.31,0.00,0.00,bothFireAndSmoke
neitherFireNorSmoke_CV023714.jpg,0.00,0.00,0.00,1.00,smoke
neitherFireNorSmoke_CV023726.jpg,0.00,0.00,0.00,1.00,smoke
neitherFireNorSmoke_CV023763.jpg,0.01,0.00,0.00,0.99,smoke
neitherFireNorSmoke_CV023768.jpg,0.10,0.00,0.00,0.90,smoke
neitherFireNorSmoke_CV023809.jpg,0.03,0.06,0.88,0.04,neitherFireNorSmoke
neitherFireNorSmoke_CV023848.jpg,0.00,0.01,0.98,0.01,neitherFireNorSmoke
neitherFireNorSmoke_CV023874.jpg,0.49,0.51,0.00,0.00,fire
neitherFireNorSmoke_CV024007.jpg,0.00,0.00,0.99,0.00,neitherFireNorSmoke
neitherFireNorSmoke_CV024073.jpg,0.00,0.00,1.00,0.00,neitherFireNorSmoke
neitherFireNorSmoke_CV024088.jpg,0.00,0.00,1.00,0.00,neitherFireNorSmoke
neitherFireNorSmoke_CV024106.jpg,0.00,0.03,0.96,0.00,neitherFireNorSmoke
neitherFireNorSmoke_CV024118.jpg,0.00,1.00,0.00,0.00,fire
neitherFireNorSmoke_CV024176.jpg,0.00,0.00,1.00,0.00,neitherFireNorSmoke
neitherFireNorSmoke_CV024251.jpg,0.00,0.02,0.98,0.00,neitherFireNorSmoke
neitherFireNorSmoke_CV024327.jpg,0.00,0.00,1.00,0.00,neitherFireNorSmoke
neitherFireNorSmoke_CV024380.jpg,0.00,0.00,0.00,1.00,smoke
neitherFireNorSmoke_CV024435.jpg,0.00,0.00,1.00,0.00,neitherFireNorSmoke
neitherFireNorSmoke_CV024464.jpg,0.03,0.06,0.79,0.13,neitherFireNorSmoke
neitherFireNorSmoke_CV024530.jpg,0.00,0.00,1.00,0.00,neitherFireNorSmoke
neitherFireNorSmoke_CV024570.jpg,0.00,0.00,1.00,0.00,neitherFireNorSmoke
neitherFireNorSmoke_CV024654.jpg,0.00,0.00,0.08,0.92,smoke
neitherFireNorSmoke_CV024917.jpg,0.33,0.66,0.00,0.00,fire
neitherFireNorSmoke_CV024962.jpg,0.89,0.09,0.02,0.00,bothFireAndSmoke
neitherFireNorSmoke_CV025026.jpg,0.03,0.00,0.03,0.95,smoke
neitherFireNorSmoke_CV025197.jpg,0.00,0.00,0.00,1.00,smoke
neitherFireNorSmoke_CV025307.jpg,0.00,0.00,0.94,0.05,neitherFireNorSmoke
neitherFireNorSmoke_CV025333.jpg,0.02,0.00,0.91,0.07,neitherFireNorSmoke
neitherFireNorSmoke_CV025339.jpg,0.00,0.00,1.00,0.00,neitherFireNorSmoke
neitherFireNorSmoke_CV025354.jpg,0.00,0.00,0.99,0.01,neitherFireNorSmoke
neitherFireNorSmoke_CV025361.jpg,0.00,0.00,0.00,1.00,smoke
neitherFireNorSmoke_CV025389.jpg,0.00,0.00,1.00,0.00,neitherFireNorSmoke
neitherFireNorSmoke_CV025588.jpg,0.00,1.00,0.00,0.00,fire
neitherFireNorSmoke_CV025687.jpg,0.00,0.00,0.01,0.99,smoke
neitherFireNorSmoke_CV025936.jpg,0.00,0.00,0.00,1.00,smoke
neitherFireNorSmoke_CV025982.jpg,0.00,0.00,0.99,0.01,neitherFireNorSmoke
neitherFireNorSmoke_CV026022.jpg,0.01,0.99,0.00,0.00,fire
neitherFireNorSmoke_CV026085.jpg,0.00,0.00,0.00,1.00,smoke
neitherFireNorSmoke_CV026098.jpg,1.00,0.00,0.00,0.00,bothFireAndSmoke
neitherFireNorSmoke_CV026130.jpg,0.00,0.00,1.00,0.00,neitherFireNorSmoke
neitherFireNorSmoke_CV026131.jpg,0.00,0.01,0.99,0.00,neitherFireNorSmoke
neitherFireNorSmoke_CV026215.jpg,0.01,0.97,0.02,0.00,fire
neitherFireNorSmoke_CV026243.jpg,0.00,0.00,0.00,1.00,smoke
neitherFireNorSmoke_CV026265.jpg,0.00,0.00,1.00,0.00,neitherFireNorSmoke
neitherFireNorSmoke_CV026320.jpg,0.01,0.06,0.04,0.89,smoke
neitherFireNorSmoke_CV026544.jpg,0.19,0.01,0.09,0.71,smoke
neitherFireNorSmoke_CV026613.jpg,0.00,0.00,0.99,0.01,neitherFireNorSmoke
neitherFireNorSmoke_CV026621.jpg,0.00,0.99,0.01,0.00,fire
neitherFireNorSmoke_CV026746.jpg,0.00,0.00,0.00,1.00,smoke
neitherFireNorSmoke_CV026789.jpg,0.00,0.00,1.00,0.00,neitherFireNorSmoke
neitherFireNorSmoke_CV026832.jpg,0.00,0.00,1.00,0.00,neitherFireNorSmoke
neitherFireNorSmoke_CV026926.jpg,0.00,1.00,0.00,0.00,fire
neitherFireNorSmoke_CV027143.jpg,0.00,0.00,0.00,1.00,smoke
neitherFireNorSmoke_CV027189.jpg,0.00,0.00,0.00,1.00,smoke
neitherFireNorSmoke_CV027190.jpg,0.00,0.00,0.00,1.00,smoke
neitherFireNorSmoke_CV027238.jpg,0.01,0.73,0.25,0.01,fire
neitherFireNorSmoke_CV027262.jpg,0.00,1.00,0.00,0.00,fire
neitherFireNorSmoke_CV027301.jpg,0.79,0.04,0.00,0.17,bothFireAndSmoke
neitherFireNorSmoke_CV027437.jpg,0.00,0.00,1.00,0.00,neitherFireNorSmoke
neitherFireNorSmoke_CV027514.jpg,0.46,0.51,0.03,0.01,fire
neitherFireNorSmoke_CV027717.jpg,0.00,0.00,0.99,0.01,neitherFireNorSmoke
neitherFireNorSmoke_CV027738.jpg,0.98,0.02,0.00,0.00,bothFireAndSmoke
neitherFireNorSmoke_CV027748.jpg,0.98,0.02,0.00,0.00,bothFireAndSmoke
neitherFireNorSmoke_CV027788.jpg,0.00,0.00,1.00,0.00,neitherFireNorSmoke
neitherFireNorSmoke_CV027820.jpg,1.00,0.00,0.00,0.00,bothFireAndSmoke
neitherFireNorSmoke_CV027925.jpg,0.00,0.00,1.00,0.00,neitherFireNorSmoke
neitherFireNorSmoke_CV027936.jpg,0.00,0.00,0.00,1.00,smoke
neitherFireNorSmoke_CV027968.jpg,1.00,0.00,0.00,0.00,bothFireAndSmoke
neitherFireNorSmoke_CV028122.jpg,0.00,0.00,1.00,0.00,neitherFireNorSmoke
neitherFireNorSmoke_CV028130.jpg,0.00,0.00,1.00,0.00,neitherFireNorSmoke
neitherFireNorSmoke_CV028133.jpg,0.00,0.00,1.00,0.00,neitherFireNorSmoke
neitherFireNorSmoke_CV028174.jpg,0.00,0.00,1.00,0.00,neitherFireNorSmoke
neitherFireNorSmoke_CV028185.jpg,0.00,0.00,1.00,0.00,neitherFireNorSmoke
neitherFireNorSmoke_CV028193.jpg,0.92,0.00,0.00,0.08,bothFireAndSmoke
neitherFireNorSmoke_CV028303.jpg,0.00,0.00,0.00,0.99,smoke
neitherFireNorSmoke_CV028352.jpg,0.00,0.00,1.00,0.00,neitherFireNorSmoke
neitherFireNorSmoke_CV028504.jpg,0.00,0.00,1.00,0.00,neitherFireNorSmoke
neitherFireNorSmoke_CV028552.jpg,0.05,0.00,0.00,0.94,smoke
neitherFireNorSmoke_CV028588.jpg,0.06,0.00,0.00,0.94,smoke
neitherFireNorSmoke_CV028620.jpg,0.00,0.00,1.00,0.00,neitherFireNorSmoke
neitherFireNorSmoke_CV028636.jpg,0.05,0.90,0.03,0.03,fire
neitherFireNorSmoke_CV028670.jpg,0.00,0.00,0.00,1.00,smoke
neitherFireNorSmoke_CV028683.jpg,0.00,0.99,0.00,0.00,fire
neitherFireNorSmoke_CV028688.jpg,0.00,0.00,1.00,0.00,neitherFireNorSmoke
neitherFireNorSmoke_CV028716.jpg,0.06,0.94,0.00,0.00,fire
neitherFireNorSmoke_CV028797.jpg,0.00,0.01,0.97,0.02,neitherFireNorSmoke
neitherFireNorSmoke_CV028818.jpg,1.00,0.00,0.00,0.00,bothFireAndSmoke
neitherFireNorSmoke_CV028820.jpg,0.96,0.04,0.00,0.00,bothFireAndSmoke
neitherFireNorSmoke_CV028874.jpg,0.00,0.00,0.00,1.00,smoke
neitherFireNorSmoke_CV028969.jpg,0.00,0.00,1.00,0.00,neitherFireNorSmoke
neitherFireNorSmoke_CV028980.jpg,0.00,0.00,0.00,0.99,smoke
neitherFireNorSmoke_CV029039.jpg,0.00,0.00,1.00,0.00,neitherFireNorSmoke
neitherFireNorSmoke_CV029057.jpg,0.00,0.00,1.00,0.00,neitherFireNorSmoke
neitherFireNorSmoke_CV029069.jpg,0.00,0.00,0.00,1.00,smoke
neitherFireNorSmoke_CV029091.jpg,0.62,0.37,0.00,0.00,bothFireAndSmoke
neitherFireNorSmoke_CV029094.jpg,1.00,0.00,0.00,0.00,bothFireAndSmoke
neitherFireNorSmoke_CV029111.jpg,0.77,0.23,0.00,0.00,bothFireAndSmoke
neitherFireNorSmoke_CV029143.jpg,0.00,0.00,0.00,1.00,smoke
neitherFireNorSmoke_CV029170.jpg,0.00,0.02,0.94,0.04,neitherFireNorSmoke
neitherFireNorSmoke_CV029223.jpg,0.00,0.00,1.00,0.00,neitherFireNorSmoke
neitherFireNorSmoke_CV029246.jpg,0.00,0.00,0.00,1.00,smoke
neitherFireNorSmoke_CV029303.jpg,0.00,0.98,0.02,0.00,fire
neitherFireNorSmoke_CV029378.jpg,0.00,0.01,0.99,0.00,neitherFireNorSmoke
neitherFireNorSmoke_CV029399.jpg,0.01,0.99,0.00,0.00,fire
neitherFireNorSmoke_CV029419.jpg,0.99,0.00,0.00,0.00,bothFireAndSmoke
neitherFireNorSmoke_CV029420.jpg,0.00,0.00,1.00,0.00,neitherFireNorSmoke
neitherFireNorSmoke_CV029446.jpg,0.05,0.84,0.09,0.01,fire
neitherFireNorSmoke_CV029489.jpg,0.00,0.00,0.99,0.01,neitherFireNorSmoke
neitherFireNorSmoke_CV029525.jpg,0.00,0.00,1.00,0.00,neitherFireNorSmoke
neitherFireNorSmoke_CV029616.jpg,1.00,0.00,0.00,0.00,bothFireAndSmoke
neitherFireNorSmoke_CV029622.jpg,0.00,0.00,0.00,1.00,smoke
neitherFireNorSmoke_CV029625.jpg,0.00,0.00,1.00,0.00,neitherFireNorSmoke
neitherFireNorSmoke_CV029720.jpg,0.00,0.00,0.99,0.01,neitherFireNorSmoke
neitherFireNorSmoke_CV029730.jpg,0.00,1.00,0.00,0.00,fire
neitherFireNorSmoke_CV029734.jpg,0.00,0.00,1.00,0.00,neitherFireNorSmoke
neitherFireNorSmoke_CV029957.jpg,0.02,0.00,0.00,0.98,smoke
neitherFireNorSmoke_CV029994.jpg,0.00,1.00,0.00,0.00,fire
neitherFireNorSmoke_CV030018.jpg,0.08,0.88,0.03,0.01,fire
neitherFireNorSmoke_CV030130.jpg,0.00,0.00,1.00,0.00,neitherFireNorSmoke
neitherFireNorSmoke_CV030152.jpg,1.00,0.00,0.00,0.00,bothFireAndSmoke
neitherFireNorSmoke_CV030256.jpg,1.00,0.00,0.00,0.00,bothFireAndSmoke
neitherFireNorSmoke_CV030260.jpg,0.00,0.00,1.00,0.00,neitherFireNorSmoke
neitherFireNorSmoke_CV030324.jpg,0.00,0.00,1.00,0.00,neitherFireNorSmoke
neitherFireNorSmoke_CV030437.jpg,0.92,0.08,0.00,0.00,bothFireAndSmoke
neitherFireNorSmoke_CV030449.jpg,0.93,0.07,0.00,0.00,bothFireAndSmoke
neitherFireNorSmoke_CV030528.jpg,0.04,0.96,0.00,0.00,fire
neitherFireNorSmoke_CV030570.jpg,0.00,0.01,0.99,0.00,neitherFireNorSmoke
neitherFireNorSmoke_CV030631.jpg,0.98,0.02,0.00,0.00,bothFireAndSmoke
neitherFireNorSmoke_CV030731.jpg,0.00,0.00,0.01,0.99,smoke
neitherFireNorSmoke_CV030743.jpg,0.00,0.00,1.00,0.00,neitherFireNorSmoke
neitherFireNorSmoke_CV031024.jpg,0.04,0.02,0.05,0.88,smoke
neitherFireNorSmoke_CV031081.jpg,0.00,0.00,1.00,0.00,neitherFireNorSmoke
neitherFireNorSmoke_CV031170.jpg,0.01,0.99,0.00,0.00,fire
neitherFireNorSmoke_CV031211.jpg,0.00,0.01,0.99,0.00,neitherFireNorSmoke
neitherFireNorSmoke_CV031361.jpg,0.00,0.00,1.00,0.00,neitherFireNorSmoke
neitherFireNorSmoke_CV031390.jpg,0.00,0.00,0.00,1.00,smoke
neitherFireNorSmoke_CV031495.jpg,0.03,0.11,0.85,0.01,neitherFireNorSmoke
neitherFireNorSmoke_CV031735.jpg,1.00,0.00,0.00,0.00,bothFireAndSmoke
neitherFireNorSmoke_CV031868.jpg,0.00,0.00,0.99,0.01,neitherFireNorSmoke
neitherFireNorSmoke_CV031891.jpg,0.12,0.00,0.00,0.88,smoke
neitherFireNorSmoke_CV032069.jpg,0.02,0.00,0.02,0.96,smoke
neitherFireNorSmoke_CV032130.jpg,0.00,0.01,0.99,0.00,neitherFireNorSmoke
neitherFireNorSmoke_CV032191.jpg,0.00,0.01,0.99,0.00,neitherFireNorSmoke
neitherFireNorSmoke_CV032382.jpg,0.01,0.98,0.01,0.00,fire
neitherFireNorSmoke_CV032519.jpg,0.99,0.00,0.00,0.01,bothFireAndSmoke
neitherFireNorSmoke_CV032596.jpg,0.00,0.00,1.00,0.00,neitherFireNorSmoke
neitherFireNorSmoke_CV032605.jpg,0.00,0.00,1.00,0.00,neitherFireNorSmoke
neitherFireNorSmoke_CV032639.jpg,0.00,0.00,0.00,1.00,smoke
neitherFireNorSmoke_CV032705.jpg,0.01,0.88,0.11,0.00,fire
neitherFireNorSmoke_CV032756.jpg,0.00,0.00,1.00,0.00,neitherFireNorSmoke
neitherFireNorSmoke_CV032785.jpg,0.00,0.00,0.00,1.00,smoke
neitherFireNorSmoke_CV032857.jpg,0.00,1.00,0.00,0.00,fire
neitherFireNorSmoke_CV032899.jpg,0.61,0.01,0.22,0.17,bothFireAndSmoke
neitherFireNorSmoke_CV032955.jpg,0.00,0.00,1.00,0.00,neitherFireNorSmoke
neitherFireNorSmoke_CV032958.jpg,0.01,0.00,0.00,0.99,smoke
neitherFireNorSmoke_CV033019.jpg,0.00,0.00,0.97,0.03,neitherFireNorSmoke
neitherFireNorSmoke_CV033131.jpg,0.00,0.00,1.00,0.00,neitherFireNorSmoke
neitherFireNorSmoke_CV033248.jpg,0.00,0.00,0.00,1.00,smoke
neitherFireNorSmoke_CV033253.jpg,0.00,0.00,0.98,0.02,neitherFireNorSmoke
neitherFireNorSmoke_CV033271.jpg,1.00,0.00,0.00,0.00,bothFireAndSmoke
neitherFireNorSmoke_CV033324.jpg,0.00,0.00,0.96,0.04,neitherFireNorSmoke
neitherFireNorSmoke_CV033341.jpg,0.01,0.00,0.00,0.99,smoke
neitherFireNorSmoke_CV033420.jpg,0.01,0.00,0.97,0.01,neitherFireNorSmoke
neitherFireNorSmoke_CV033455.jpg,0.00,0.00,1.00,0.00,neitherFireNorSmoke
neitherFireNorSmoke_CV033625.jpg,0.00,0.00,1.00,0.00,neitherFireNorSmoke
neitherFireNorSmoke_CV033635.jpg,0.00,0.00,1.00,0.00,neitherFireNorSmoke
neitherFireNorSmoke_CV033643.jpg,0.00,0.00,0.00,1.00,smoke
neitherFireNorSmoke_CV033749.jpg,0.00,0.00,0.00,1.00,smoke
neitherFireNorSmoke_CV033776.jpg,0.00,0.00,1.00,0.00,neitherFireNorSmoke
neitherFireNorSmoke_CV033810.jpg,0.26,0.04,0.59,0.11,neitherFireNorSmoke
neitherFireNorSmoke_CV033905.jpg,0.97,0.03,0.00,0.00,bothFireAndSmoke
neitherFireNorSmoke_CV033930.jpg,1.00,0.00,0.00,0.00,bothFireAndSmoke
neitherFireNorSmoke_CV033954.jpg,0.80,0.11,0.04,0.05,bothFireAndSmoke
neitherFireNorSmoke_CV034006.jpg,1.00,0.00,0.00,0.00,bothFireAndSmoke
neitherFireNorSmoke_CV034031.jpg,0.98,0.01,0.00,0.00,bothFireAndSmoke
neitherFireNorSmoke_CV034173.jpg,0.00,0.00,0.00,1.00,smoke
neitherFireNorSmoke_CV034258.jpg,0.00,0.99,0.01,0.00,fire
neitherFireNorSmoke_CV034307.jpg,0.00,0.00,1.00,0.00,neitherFireNorSmoke
neitherFireNorSmoke_CV034345.jpg,0.17,0.83,0.00,0.00,fire
neitherFireNorSmoke_CV034451.jpg,0.00,0.00,1.00,0.00,neitherFireNorSmoke
neitherFireNorSmoke_CV034475.jpg,0.00,0.00,0.00,1.00,smoke
neitherFireNorSmoke_CV034477.jpg,0.01,0.08,0.91,0.00,neitherFireNorSmoke
neitherFireNorSmoke_CV034497.jpg,1.00,0.00,0.00,0.00,bothFireAndSmoke
neitherFireNorSmoke_CV034506.jpg,0.00,0.00,0.00,1.00,smoke
neitherFireNorSmoke_CV034533.jpg,0.00,1.00,0.00,0.00,fire
neitherFireNorSmoke_CV034567.jpg,0.21,0.00,0.00,0.79,smoke
neitherFireNorSmoke_CV034588.jpg,0.00,0.00,0.00,1.00,smoke
neitherFireNorSmoke_CV034698.jpg,0.09,0.00,0.00,0.91,smoke
neitherFireNorSmoke_CV034765.jpg,0.00,0.00,0.00,1.00,smoke
neitherFireNorSmoke_CV034770.jpg,0.00,0.00,1.00,0.00,neitherFireNorSmoke
neitherFireNorSmoke_CV034773.jpg,0.00,0.00,1.00,0.00,neitherFireNorSmoke
neitherFireNorSmoke_CV034903.jpg,0.00,0.01,0.98,0.00,neitherFireNorSmoke
neitherFireNorSmoke_CV034996.jpg,0.00,0.00,0.00,1.00,smoke
neitherFireNorSmoke_CV035130.jpg,0.00,0.00,1.00,0.00,neitherFireNorSmoke
neitherFireNorSmoke_CV035374.jpg,0.00,0.00,1.00,0.00,neitherFireNorSmoke
neitherFireNorSmoke_CV035403.jpg,1.00,0.00,0.00,0.00,bothFireAndSmoke
neitherFireNorSmoke_CV035656.jpg,0.00,0.02,0.98,0.00,neitherFireNorSmoke
neitherFireNorSmoke_CV035682.jpg,0.00,0.01,0.99,0.00,neitherFireNorSmoke
neitherFireNorSmoke_CV035748.jpg,0.00,0.00,1.00,0.00,neitherFireNorSmoke
neitherFireNorSmoke_CV035754.jpg,0.00,0.00,1.00,0.00,neitherFireNorSmoke
neitherFireNorSmoke_CV035783.jpg,0.00,0.00,0.00,1.00,smoke
neitherFireNorSmoke_CV035937.jpg,0.00,0.01,0.99,0.00,neitherFireNorSmoke
neitherFireNorSmoke_CV036130.jpg,1.00,0.00,0.00,0.00,bothFireAndSmoke
neitherFireNorSmoke_CV036132.jpg,0.00,0.00,0.99,0.00,neitherFireNorSmoke
neitherFireNorSmoke_CV036308.jpg,0.00,0.00,1.00,0.00,neitherFireNorSmoke
neitherFireNorSmoke_CV036316.jpg,0.47,0.53,0.00,0.00,fire
neitherFireNorSmoke_CV036320.jpg,1.00,0.00,0.00,0.00,bothFireAndSmoke
neitherFireNorSmoke_CV036327.jpg,0.21,0.79,0.00,0.00,fire
neitherFireNorSmoke_CV036342.jpg,0.00,0.00,1.00,0.00,neitherFireNorSmoke
neitherFireNorSmoke_CV036455.jpg,0.00,0.00,1.00,0.00,neitherFireNorSmoke
neitherFireNorSmoke_CV036462.jpg,0.00,0.00,0.00,1.00,smoke
neitherFireNorSmoke_CV036486.jpg,0.00,0.00,1.00,0.00,neitherFireNorSmoke
neitherFireNorSmoke_CV036566.jpg,0.98,0.01,0.01,0.00,bothFireAndSmoke
neitherFireNorSmoke_CV036616.jpg,0.00,0.75,0.25,0.00,fire
neitherFireNorSmoke_CV036629.jpg,0.09,0.00,0.00,0.91,smoke
neitherFireNorSmoke_CV036804.jpg,0.81,0.00,0.00,0.19,bothFireAndSmoke
neitherFireNorSmoke_CV036809.jpg,0.00,0.00,0.98,0.02,neitherFireNorSmoke
neitherFireNorSmoke_CV036937.jpg,0.00,0.01,0.99,0.00,neitherFireNorSmoke
neitherFireNorSmoke_CV036944.jpg,1.00,0.00,0.00,0.00,bothFireAndSmoke
neitherFireNorSmoke_CV036994.jpg,0.00,0.00,0.00,1.00,smoke
neitherFireNorSmoke_CV037114.jpg,0.00,0.00,1.00,0.00,neitherFireNorSmoke
neitherFireNorSmoke_CV037197.jpg,0.00,0.00,0.98,0.02,neitherFireNorSmoke
neitherFireNorSmoke_CV037383.jpg,0.99,0.01,0.00,0.00,bothFireAndSmoke
neitherFireNorSmoke_CV037399.jpg,0.00,0.00,0.00,1.00,smoke
neitherFireNorSmoke_CV037464.jpg,0.16,0.01,0.01,0.82,smoke
neitherFireNorSmoke_CV037495.jpg,0.00,0.00,0.00,1.00,smoke
neitherFireNorSmoke_CV037504.jpg,0.00,0.00,0.99,0.01,neitherFireNorSmoke
neitherFireNorSmoke_CV037578.jpg,0.00,0.02,0.97,0.01,neitherFireNorSmoke
neitherFireNorSmoke_CV037612.jpg,1.00,0.00,0.00,0.00,bothFireAndSmoke
neitherFireNorSmoke_CV037624.jpg,0.01,0.02,0.00,0.97,smoke
neitherFireNorSmoke_CV037676.jpg,0.00,0.00,0.99,0.01,neitherFireNorSmoke
neitherFireNorSmoke_CV037732.jpg,0.00,0.00,1.00,0.00,neitherFireNorSmoke
neitherFireNorSmoke_CV037799.jpg,0.99,0.00,0.00,0.01,bothFireAndSmoke
neitherFireNorSmoke_CV037874.jpg,0.02,0.00,0.02,0.96,smoke
neitherFireNorSmoke_CV037976.jpg,1.00,0.00,0.00,0.00,bothFireAndSmoke
neitherFireNorSmoke_CV038032.jpg,0.99,0.00,0.00,0.00,bothFireAndSmoke
neitherFireNorSmoke_CV038053.jpg,0.00,1.00,0.00,0.00,fire
neitherFireNorSmoke_CV038135.jpg,0.97,0.02,0.00,0.00,bothFireAndSmoke
neitherFireNorSmoke_CV038190.jpg,1.00,0.00,0.00,0.00,bothFireAndSmoke
neitherFireNorSmoke_CV038362.jpg,0.00,0.00,0.99,0.00,neitherFireNorSmoke
neitherFireNorSmoke_CV038429.jpg,0.00,0.00,0.00,1.00,smoke
neitherFireNorSmoke_CV038434.jpg,0.00,0.00,1.00,0.00,neitherFireNorSmoke
neitherFireNorSmoke_CV038491.jpg,0.81,0.14,0.02,0.04,bothFireAndSmoke
neitherFireNorSmoke_CV038521.jpg,0.00,0.00,1.00,0.00,neitherFireNorSmoke
neitherFireNorSmoke_CV038591.jpg,0.00,0.00,1.00,0.00,neitherFireNorSmoke
neitherFireNorSmoke_CV038592.jpg,1.00,0.00,0.00,0.00,bothFireAndSmoke
neitherFireNorSmoke_CV038759.jpg,0.00,0.00,0.00,1.00,smoke
neitherFireNorSmoke_CV038784.jpg,0.00,0.00,1.00,0.00,neitherFireNorSmoke
neitherFireNorSmoke_CV038871.jpg,0.99,0.00,0.00,0.01,bothFireAndSmoke
neitherFireNorSmoke_CV038906.jpg,0.00,0.00,0.00,1.00,smoke
neitherFireNorSmoke_CV038933.jpg,0.14,0.84,0.02,0.00,fire
neitherFireNorSmoke_CV038996.jpg,1.00,0.00,0.00,0.00,bothFireAndSmoke
neitherFireNorSmoke_CV039058.jpg,0.00,0.00,1.00,0.00,neitherFireNorSmoke
neitherFireNorSmoke_CV039074.jpg,0.00,0.00,1.00,0.00,neitherFireNorSmoke
neitherFireNorSmoke_CV039134.jpg,0.88,0.00,0.00,0.11,bothFireAndSmoke
neitherFireNorSmoke_CV039183.jpg,1.00,0.00,0.00,0.00,bothFireAndSmoke
smoke_CV000022.jpg,0.00,0.00,0.96,0.03,neitherFireNorSmoke
smoke_CV000081.jpg,0.01,0.00,0.01,0.98,smoke
smoke_CV000145.jpg,0.00,0.00,1.00,0.00,neitherFireNorSmoke
smoke_CV000314.jpg,0.02,0.03,0.78,0.18,neitherFireNorSmoke
smoke_CV000345.jpg,0.00,0.00,1.00,0.00,neitherFireNorSmoke
smoke_CV000404.jpg,0.02,0.00,0.00,0.97,smoke
smoke_CV000533.jpg,1.00,0.00,0.00,0.00,bothFireAndSmoke
smoke_CV000740.jpg,0.00,0.00,0.00,1.00,smoke
smoke_CV000804.jpg,0.00,0.00,1.00,0.00,neitherFireNorSmoke
smoke_CV000860.jpg,0.00,0.00,0.99,0.00,neitherFireNorSmoke
smoke_CV000881.jpg,0.01,0.00,0.00,0.99,smoke
smoke_CV001011.jpg,1.00,0.00,0.00,0.00,bothFireAndSmoke
smoke_CV001056.jpg,0.00,0.00,0.00,1.00,smoke
smoke_CV001204.jpg,0.00,1.00,0.00,0.00,fire
smoke_CV001363.jpg,0.02,0.98,0.00,0.00,fire
smoke_CV001451.jpg,1.00,0.00,0.00,0.00,bothFireAndSmoke
smoke_CV001464.jpg,0.00,0.00,0.00,1.00,smoke
smoke_CV001505.jpg,0.57,0.01,0.21,0.21,bothFireAndSmoke
smoke_CV001586.jpg,0.68,0.00,0.00,0.32,bothFireAndSmoke
smoke_CV001756.jpg,0.00,0.00,1.00,0.00,neitherFireNorSmoke
smoke_CV001942.jpg,0.00,0.00,0.00,1.00,smoke
smoke_CV001945.jpg,0.00,0.01,0.93,0.06,neitherFireNorSmoke
smoke_CV002050.jpg,0.00,0.00,0.00,1.00,smoke
smoke_CV002073.jpg,0.00,0.00,1.00,0.00,neitherFireNorSmoke
smoke_CV002075.jpg,0.00,0.00,0.00,1.00,smoke
smoke_CV002201.jpg,0.90,0.06,0.04,0.00,bothFireAndSmoke
smoke_CV002423.jpg,0.00,0.00,0.99,0.01,neitherFireNorSmoke
smoke_CV002474.jpg,0.00,1.00,0.00,0.00,fire
smoke_CV002708.jpg,0.00,0.02,0.98,0.00,neitherFireNorSmoke
smoke_CV002777.jpg,0.00,0.00,1.00,0.00,neitherFireNorSmoke
smoke_CV002784.jpg,0.00,0.00,1.00,0.00,neitherFireNorSmoke
smoke_CV002813.jpg,0.00,0.00,0.99,0.01,neitherFireNorSmoke
smoke_CV002936.jpg,0.00,0.00,1.00,0.00,neitherFireNorSmoke
smoke_CV003049.jpg,0.04,0.00,0.00,0.95,smoke
smoke_CV003050.jpg,0.00,1.00,0.00,0.00,fire
smoke_CV003052.jpg,0.00,0.00,0.00,1.00,smoke
smoke_CV003120.jpg,0.00,1.00,0.00,0.00,fire
smoke_CV003198.jpg,0.01,0.00,0.00,0.99,smoke
smoke_CV003231.jpg,0.01,0.00,0.04,0.95,smoke
smoke_CV003334.jpg,0.00,0.00,1.00,0.00,neitherFireNorSmoke
smoke_CV003349.jpg,0.95,0.04,0.01,0.00,bothFireAndSmoke
smoke_CV003355.jpg,0.00,0.00,1.00,0.00,neitherFireNorSmoke
smoke_CV003384.jpg,0.66,0.34,0.00,0.00,bothFireAndSmoke
smoke_CV003425.jpg,0.03,0.97,0.00,0.00,fire
smoke_CV003505.jpg,1.00,0.00,0.00,0.00,bothFireAndSmoke
smoke_CV003709.jpg,0.00,0.00,1.00,0.00,neitherFireNorSmoke
smoke_CV003731.jpg,0.00,0.00,0.97,0.03,neitherFireNorSmoke
smoke_CV003734.jpg,0.09,0.00,0.01,0.89,smoke
smoke_CV003743.jpg,0.00,0.00,0.00,1.00,smoke
smoke_CV003771.jpg,0.01,0.99,0.00,0.00,fire
smoke_CV003832.jpg,0.00,0.00,0.00,1.00,smoke
smoke_CV003862.jpg,0.00,0.00,1.00,0.00,neitherFireNorSmoke
smoke_CV004071.jpg,0.00,0.00,1.00,0.00,neitherFireNorSmoke
smoke_CV004157.jpg,1.00,0.00,0.00,0.00,bothFireAndSmoke
smoke_CV004322.jpg,0.00,0.00,0.00,1.00,smoke
smoke_CV004341.jpg,0.97,0.03,0.00,0.00,bothFireAndSmoke
smoke_CV004348.jpg,1.00,0.00,0.00,0.00,bothFireAndSmoke
smoke_CV004389.jpg,0.00,0.00,0.00,1.00,smoke
smoke_CV004439.jpg,0.00,0.00,1.00,0.00,neitherFireNorSmoke
smoke_CV004442.jpg,0.00,0.00,1.00,0.00,neitherFireNorSmoke
smoke_CV004460.jpg,0.00,0.04,0.89,0.07,neitherFireNorSmoke
smoke_CV004473.jpg,0.82,0.05,0.07,0.05,bothFireAndSmoke
smoke_CV004517.jpg,0.00,0.00,1.00,0.00,neitherFireNorSmoke
smoke_CV004560.jpg,0.00,0.00,1.00,0.00,neitherFireNorSmoke
smoke_CV004562.jpg,0.78,0.14,0.08,0.01,bothFireAndSmoke
smoke_CV004597.jpg,0.02,0.95,0.04,0.00,fire
smoke_CV004632.jpg,0.00,0.00,0.00,1.00,smoke
smoke_CV004642.jpg,0.00,0.00,0.00,1.00,smoke
smoke_CV004658.jpg,0.72,0.28,0.00,0.00,bothFireAndSmoke
smoke_CV004781.jpg,0.01,0.00,0.00,0.99,smoke
smoke_CV004792.jpg,0.00,1.00,0.00,0.00,fire
smoke_CV004939.jpg,0.00,0.00,1.00,0.00,neitherFireNorSmoke
smoke_CV005176.jpg,0.01,0.03,0.93,0.03,neitherFireNorSmoke
smoke_CV005247.jpg,0.00,0.00,1.00,0.00,neitherFireNorSmoke
smoke_CV005385.jpg,0.00,0.05,0.87,0.07,neitherFireNorSmoke
smoke_CV005438.jpg,0.04,0.00,0.00,0.96,smoke
smoke_CV005450.jpg,1.00,0.00,0.00,0.00,bothFireAndSmoke
smoke_CV005467.jpg,1.00,0.00,0.00,0.00,bothFireAndSmoke
smoke_CV005480.jpg,0.00,0.00,1.00,0.00,neitherFireNorSmoke
smoke_CV005511.jpg,0.00,0.00,1.00,0.00,neitherFireNorSmoke
smoke_CV005517.jpg,0.00,0.00,1.00,0.00,neitherFireNorSmoke
smoke_CV005554.jpg,0.00,0.00,1.00,0.00,neitherFireNorSmoke
smoke_CV005556.jpg,0.00,0.00,1.00,0.00,neitherFireNorSmoke
smoke_CV005653.jpg,0.00,0.00,0.00,1.00,smoke
smoke_CV005676.jpg,0.00,0.00,1.00,0.00,neitherFireNorSmoke
smoke_CV005820.jpg,0.02,0.98,0.00,0.00,fire
smoke_CV005895.jpg,1.00,0.00,0.00,0.00,bothFireAndSmoke
smoke_CV005998.jpg,0.00,0.00,1.00,0.00,neitherFireNorSmoke
smoke_CV006044.jpg,0.00,0.00,1.00,0.00,neitherFireNorSmoke
smoke_CV006086.jpg,0.00,0.00,1.00,0.00,neitherFireNorSmoke
smoke_CV006107.jpg,0.00,0.00,0.99,0.01,neitherFireNorSmoke
smoke_CV006126.jpg,0.00,0.00,1.00,0.00,neitherFireNorSmoke
smoke_CV006140.jpg,0.00,0.00,1.00,0.00,neitherFireNorSmoke
smoke_CV006393.jpg,0.00,1.00,0.00,0.00,fire
smoke_CV006407.jpg,0.04,0.96,0.01,0.00,fire
smoke_CV006457.jpg,0.00,1.00,0.00,0.00,fire
smoke_CV006465.jpg,0.00,0.00,1.00,0.00,neitherFireNorSmoke
smoke_CV006547.jpg,0.00,0.00,0.00,1.00,smoke
smoke_CV006629.jpg,0.00,0.00,1.00,0.00,neitherFireNorSmoke
smoke_CV006743.jpg,0.98,0.00,0.00,0.02,bothFireAndSmoke
smoke_CV006869.jpg,0.00,0.00,1.00,0.00,neitherFireNorSmoke
smoke_CV006877.jpg,0.00,0.00,0.00,1.00,smoke
smoke_CV007038.jpg,1.00,0.00,0.00,0.00,bothFireAndSmoke
smoke_CV007137.jpg,0.01,0.97,0.01,0.00,fire
smoke_CV007226.jpg,1.00,0.00,0.00,0.00,bothFireAndSmoke
smoke_CV007242.jpg,1.00,0.00,0.00,0.00,bothFireAndSmoke
smoke_CV007367.jpg,0.52,0.01,0.00,0.47,bothFireAndSmoke
smoke_CV007597.jpg,0.02,0.98,0.00,0.00,fire
smoke_CV007764.jpg,0.00,0.00,0.99,0.01,neitherFireNorSmoke
smoke_CV007817.jpg,0.09,0.91,0.00,0.00,fire
smoke_CV007930.jpg,0.00,0.00,0.99,0.00,neitherFireNorSmoke
smoke_CV007943.jpg,0.00,0.01,0.98,0.01,neitherFireNorSmoke
smoke_CV007954.jpg,0.00,0.00,1.00,0.00,neitherFireNorSmoke
smoke_CV007992.jpg,0.99,0.01,0.00,0.00,bothFireAndSmoke
smoke_CV008111.jpg,1.00,0.00,0.00,0.00,bothFireAndSmoke
smoke_CV008134.jpg,0.00,0.03,0.97,0.00,neitherFireNorSmoke
smoke_CV008181.jpg,0.00,0.00,1.00,0.00,neitherFireNorSmoke
smoke_CV008247.jpg,0.00,0.00,1.00,0.00,neitherFireNorSmoke
smoke_CV008478.jpg,1.00,0.00,0.00,0.00,bothFireAndSmoke
smoke_CV008596.jpg,0.72,0.00,0.00,0.28,bothFireAndSmoke
smoke_CV008760.jpg,0.21,0.78,0.00,0.00,fire
smoke_CV008778.jpg,0.99,0.01,0.00,0.00,bothFireAndSmoke
smoke_CV008795.jpg,0.00,0.00,0.00,1.00,smoke
smoke_CV008799.jpg,0.01,0.01,0.97,0.01,neitherFireNorSmoke
smoke_CV008805.jpg,0.00,0.00,1.00,0.00,neitherFireNorSmoke
smoke_CV008839.jpg,0.00,0.00,0.00,1.00,smoke
smoke_CV009006.jpg,0.00,0.00,1.00,0.00,neitherFireNorSmoke
smoke_CV009087.jpg,0.00,0.00,0.00,1.00,smoke
smoke_CV009116.jpg,0.13,0.00,0.00,0.86,smoke
smoke_CV009120.jpg,0.02,0.00,0.04,0.93,smoke
smoke_CV009184.jpg,0.00,0.00,0.00,1.00,smoke
smoke_CV009210.jpg,0.00,0.00,0.99,0.00,neitherFireNorSmoke
smoke_CV009292.jpg,0.00,0.00,1.00,0.00,neitherFireNorSmoke
smoke_CV009464.jpg,0.00,0.00,1.00,0.00,neitherFireNorSmoke
smoke_CV009546.jpg,0.00,0.01,0.97,0.01,neitherFireNorSmoke
smoke_CV009550.jpg,0.00,0.00,1.00,0.00,neitherFireNorSmoke
smoke_CV009563.jpg,0.34,0.65,0.01,0.00,fire
smoke_CV009571.jpg,0.06,0.79,0.14,0.01,fire
smoke_CV009680.jpg,0.00,0.01,0.98,0.00,neitherFireNorSmoke
smoke_CV009746.jpg,0.06,0.00,0.00,0.93,smoke
smoke_CV009755.jpg,0.99,0.00,0.00,0.01,bothFireAndSmoke
smoke_CV009839.jpg,0.99,0.01,0.00,0.00,bothFireAndSmoke
smoke_CV009867.jpg,0.17,0.83,0.00,0.00,fire
smoke_CV009983.jpg,0.00,0.00,0.00,1.00,smoke
smoke_CV010006.jpg,0.89,0.08,0.02,0.01,bothFireAndSmoke
smoke_CV010220.jpg,0.00,0.00,0.00,1.00,smoke
smoke_CV010262.jpg,0.98,0.01,0.00,0.00,bothFireAndSmoke
smoke_CV010269.jpg,0.03,0.00,0.00,0.97,smoke
smoke_CV010295.jpg,0.00,0.00,1.00,0.00,neitherFireNorSmoke
smoke_CV010308.jpg,0.00,0.00,1.00,0.00,neitherFireNorSmoke
smoke_CV010450.jpg,0.95,0.05,0.00,0.00,bothFireAndSmoke
smoke_CV010457.jpg,0.00,0.00,1.00,0.00,neitherFireNorSmoke
smoke_CV010507.jpg,0.10,0.01,0.00,0.90,smoke
smoke_CV010554.jpg,0.00,0.00,0.00,1.00,smoke
smoke_CV010579.jpg,0.00,0.00,1.00,0.00,neitherFireNorSmoke
smoke_CV010630.jpg,0.00,0.00,0.00,1.00,smoke
smoke_CV010678.jpg,0.00,0.00,0.00,1.00,smoke
smoke_CV010681.jpg,0.00,0.00,1.00,0.00,neitherFireNorSmoke
smoke_CV010724.jpg,0.00,0.00,1.00,0.00,neitherFireNorSmoke
smoke_CV010798.jpg,0.26,0.00,0.00,0.74,smoke
smoke_CV010845.jpg,0.00,0.00,1.00,0.00,neitherFireNorSmoke
smoke_CV011067.jpg,1.00,0.00,0.00,0.00,bothFireAndSmoke
smoke_CV011263.jpg,0.00,0.00,0.00,1.00,smoke
smoke_CV011303.jpg,0.00,0.00,1.00,0.00,neitherFireNorSmoke
smoke_CV011400.jpg,0.00,0.00,1.00,0.00,neitherFireNorSmoke
smoke_CV011413.jpg,0.98,0.01,0.00,0.00,bothFireAndSmoke
smoke_CV011414.jpg,0.00,0.00,1.00,0.00,neitherFireNorSmoke
smoke_CV011422.jpg,0.00,0.00,0.98,0.02,neitherFireNorSmoke
smoke_CV011489.jpg,0.00,0.00,1.00,0.00,neitherFireNorSmoke
smoke_CV011495.jpg,0.02,0.00,0.00,0.98,smoke
smoke_CV011533.jpg,0.00,0.00,1.00,0.00,neitherFireNorSmoke
smoke_CV011597.jpg,0.00,0.00,1.00,0.00,neitherFireNorSmoke
smoke_CV011632.jpg,1.00,0.00,0.00,0.00,bothFireAndSmoke
smoke_CV011738.jpg,0.00,0.00,0.00,1.00,smoke
smoke_CV011764.jpg,0.09,0.00,0.00,0.91,smoke
smoke_CV011781.jpg,0.04,0.00,0.01,0.96,smoke
smoke_CV011833.jpg,0.00,1.00,0.00,0.00,fire
smoke_CV011960.jpg,0.00,0.00,0.98,0.02,neitherFireNorSmoke
smoke_CV012021.jpg,0.00,0.01,0.99,0.00,neitherFireNorSmoke
smoke_CV012093.jpg,0.00,0.00,0.00,1.00,smoke
smoke_CV012232.jpg,0.10,0.00,0.00,0.90,smoke
smoke_CV012259.jpg,0.00,0.00,1.00,0.00,neitherFireNorSmoke
smoke_CV012293.jpg,1.00,0.00,0.00,0.00,bothFireAndSmoke
smoke_CV012322.jpg,0.78,0.20,0.02,0.00,bothFireAndSmoke
smoke_CV012353.jpg,0.01,0.99,0.00,0.00,fire
smoke_CV012448.jpg,0.00,0.00,1.00,0.00,neitherFireNorSmoke
smoke_CV012475.jpg,0.00,0.00,0.99,0.01,neitherFireNorSmoke
smoke_CV012581.jpg,0.00,0.00,0.00,1.00,smoke
smoke_CV012623.jpg,0.09,0.91,0.00,0.00,fire
smoke_CV012707.jpg,0.00,0.01,0.96,0.02,neitherFireNorSmoke
smoke_CV012729.jpg,0.00,0.00,1.00,0.00,neitherFireNorSmoke
smoke_CV012734.jpg,0.00,0.01,0.99,0.00,neitherFireNorSmoke
smoke_CV012741.jpg,0.00,0.00,1.00,0.00,neitherFireNorSmoke
smoke_CV012816.jpg,0.18,0.82,0.00,0.00,fire
smoke_CV012862.jpg,0.97,0.02,0.01,0.00,bothFireAndSmoke
smoke_CV012868.jpg,0.00,0.00,0.00,1.00,smoke
smoke_CV012875.jpg,0.02,0.00,0.00,0.98,smoke
smoke_CV012966.jpg,0.98,0.00,0.00,0.02,bothFireAndSmoke
smoke_CV013133.jpg,0.00,0.00,1.00,0.00,neitherFireNorSmoke
smoke_CV013272.jpg,0.00,0.01,0.98,0.01,neitherFireNorSmoke
smoke_CV013370.jpg,0.71,0.00,0.00,0.29,bothFireAndSmoke
smoke_CV013406.jpg,0.07,0.00,0.00,0.93,smoke
smoke_CV013559.jpg,0.10,0.04,0.84,0.02,neitherFireNorSmoke
smoke_CV013619.jpg,0.00,0.00,1.00,0.00,neitherFireNorSmoke
smoke_CV013630.jpg,0.00,0.95,0.02,0.03,fire
smoke_CV013704.jpg,0.05,0.06,0.87,0.01,neitherFireNorSmoke
smoke_CV013706.jpg,0.07,0.00,0.00,0.93,smoke
smoke_CV013862.jpg,0.00,0.00,0.00,1.00,smoke
smoke_CV013865.jpg,0.99,0.01,0.00,0.00,bothFireAndSmoke
smoke_CV013931.jpg,0.88,0.00,0.00,0.12,bothFireAndSmoke
smoke_CV013971.jpg,0.00,0.00,0.00,1.00,smoke
smoke_CV014018.jpg,0.00,0.00,1.00,0.00,neitherFireNorSmoke
smoke_CV014075.jpg,0.00,0.00,0.00,1.00,smoke
smoke_CV014105.jpg,0.00,0.00,0.00,1.00,smoke
smoke_CV014110.jpg,0.00,0.00,1.00,0.00,neitherFireNorSmoke
smoke_CV014122.jpg,0.00,0.00,0.00,1.00,smoke
smoke_CV014160.jpg,0.00,0.07,0.92,0.00,neitherFireNorSmoke
smoke_CV014243.jpg,0.85,0.15,0.00,0.00,bothFireAndSmoke
smoke_CV014367.jpg,0.00,0.00,0.00,1.00,smoke
smoke_CV014387.jpg,0.42,0.17,0.02,0.39,bothFireAndSmoke
smoke_CV014460.jpg,0.61,0.21,0.16,0.02,bothFireAndSmoke
smoke_CV014607.jpg,0.93,0.05,0.00,0.02,bothFireAndSmoke
smoke_CV014707.jpg,0.00,0.00,1.00,0.00,neitherFireNorSmoke
smoke_CV014715.jpg,0.00,0.00,0.00,1.00,smoke
smoke_CV014731.jpg,0.00,1.00,0.00,0.00,fire
smoke_CV014825.jpg,0.00,0.00,1.00,0.00,neitherFireNorSmoke
smoke_CV014899.jpg,0.00,0.00,0.00,1.00,smoke
smoke_CV014920.jpg,0.00,0.00,1.00,0.00,neitherFireNorSmoke
smoke_CV014985.jpg,0.00,0.00,1.00,0.00,neitherFireNorSmoke
smoke_CV014993.jpg,0.13,0.01,0.55,0.31,neitherFireNorSmoke
smoke_CV015003.jpg,0.00,0.00,1.00,0.00,neitherFireNorSmoke
smoke_CV015059.jpg,1.00,0.00,0.00,0.00,bothFireAndSmoke
smoke_CV015126.jpg,0.00,0.00,0.00,1.00,smoke
smoke_CV015173.jpg,0.00,0.00,0.00,1.00,smoke
smoke_CV015602.jpg,0.00,0.00,1.00,0.00,neitherFireNorSmoke
smoke_CV015696.jpg,0.00,0.00,0.00,1.00,smoke
smoke_CV015703.jpg,0.99,0.00,0.00,0.01,bothFireAndSmoke
smoke_CV015824.jpg,0.00,0.00,0.00,1.00,smoke
smoke_CV015879.jpg,0.03,0.97,0.01,0.00,fire
smoke_CV015903.jpg,0.00,0.00,0.00,1.00,smoke
smoke_CV015947.jpg,1.00,0.00,0.00,0.00,bothFireAndSmoke
smoke_CV015992.jpg,0.00,0.00,1.00,0.00,neitherFireNorSmoke
smoke_CV016038.jpg,0.62,0.36,0.02,0.00,bothFireAndSmoke
smoke_CV016039.jpg,0.00,0.09,0.91,0.00,neitherFireNorSmoke
smoke_CV016044.jpg,0.08,0.00,0.00,0.92,smoke
smoke_CV016089.jpg,0.00,0.00,1.00,0.00,neitherFireNorSmoke
smoke_CV016112.jpg,0.97,0.00,0.00,0.03,bothFireAndSmoke
smoke_CV016210.jpg,0.00,0.00,0.00,1.00,smoke
smoke_CV016230.jpg,0.00,0.00,0.99,0.00,neitherFireNorSmoke
smoke_CV016246.jpg,0.05,0.68,0.14,0.13,fire
smoke_CV016361.jpg,0.98,0.00,0.00,0.02,bothFireAndSmoke
smoke_CV016562.jpg,0.00,0.00,1.00,0.00,neitherFireNorSmoke
smoke_CV016600.jpg,0.00,0.00,1.00,0.00,neitherFireNorSmoke
smoke_CV016733.jpg,0.00,0.00,1.00,0.00,neitherFireNorSmoke
smoke_CV016738.jpg,0.00,0.00,1.00,0.00,neitherFireNorSmoke
smoke_CV016791.jpg,0.00,0.00,0.99,0.01,neitherFireNorSmoke
smoke_CV016856.jpg,0.00,0.00,1.00,0.00,neitherFireNorSmoke
smoke_CV016895.jpg,0.00,0.00,0.01,0.99,smoke
smoke_CV016908.jpg,0.01,0.07,0.91,0.01,neitherFireNorSmoke
smoke_CV016999.jpg,0.03,0.97,0.00,0.00,fire
smoke_CV017075.jpg,1.00,0.00,0.00,0.00,bothFireAndSmoke
smoke_CV017292.jpg,1.00,0.00,0.00,0.00,bothFireAndSmoke
smoke_CV017441.jpg,0.00,0.02,0.98,0.00,neitherFireNorSmoke
smoke_CV017512.jpg,0.00,0.04,0.95,0.01,neitherFireNorSmoke
smoke_CV017592.jpg,0.00,0.00,0.00,1.00,smoke
smoke_CV017593.jpg,0.01,0.99,0.00,0.00,fire
smoke_CV017608.jpg,0.00,0.00,0.00,1.00,smoke
smoke_CV017616.jpg,0.24,0.00,0.00,0.75,smoke
smoke_CV017654.jpg,0.00,0.00,0.00,1.00,smoke
smoke_CV017761.jpg,0.00,0.00,1.00,0.00,neitherFireNorSmoke
smoke_CV017796.jpg,0.00,0.00,1.00,0.00,neitherFireNorSmoke
smoke_CV017814.jpg,0.14,0.78,0.07,0.00,fire
smoke_CV017879.jpg,0.00,0.00,1.00,0.00,neitherFireNorSmoke
smoke_CV017902.jpg,0.00,0.00,0.00,1.00,smoke
smoke_CV018013.jpg,0.00,0.00,1.00,0.00,neitherFireNorSmoke
smoke_CV018025.jpg,0.00,0.00,1.00,0.00,neitherFireNorSmoke
smoke_CV018084.jpg,0.01,0.02,0.96,0.00,neitherFireNorSmoke
smoke_CV018160.jpg,0.00,0.00,1.00,0.00,neitherFireNorSmoke
smoke_CV018177.jpg,0.00,0.00,0.00,1.00,smoke
smoke_CV018183.jpg,0.02,0.82,0.16,0.00,fire
smoke_CV018251.jpg,0.00,0.00,0.99,0.00,neitherFireNorSmoke
smoke_CV018284.jpg,0.55,0.00,0.06,0.38,bothFireAndSmoke
smoke_CV018334.jpg,0.01,0.00,0.97,0.02,neitherFireNorSmoke
smoke_CV018345.jpg,0.00,1.00,0.00,0.00,fire
smoke_CV018455.jpg,0.00,0.00,1.00,0.00,neitherFireNorSmoke
smoke_CV018476.jpg,0.98,0.02,0.00,0.00,bothFireAndSmoke
smoke_CV018526.jpg,1.00,0.00,0.00,0.00,bothFireAndSmoke
smoke_CV018680.jpg,0.31,0.69,0.00,0.00,fire
smoke_CV018741.jpg,0.00,0.00,1.00,0.00,neitherFireNorSmoke
smoke_CV018766.jpg,0.00,0.00,0.00,1.00,smoke
smoke_CV018767.jpg,0.77,0.00,0.00,0.23,bothFireAndSmoke
smoke_CV018835.jpg,0.12,0.01,0.13,0.73,smoke
smoke_CV018849.jpg,0.85,0.00,0.03,0.12,bothFireAndSmoke
smoke_CV018870.jpg,0.99,0.01,0.00,0.00,bothFireAndSmoke
smoke_CV018918.jpg,0.01,0.97,0.02,0.00,fire
smoke_CV018921.jpg,1.00,0.00,0.00,0.00,bothFireAndSmoke
smoke_CV018937.jpg,0.00,0.00,1.00,0.00,neitherFireNorSmoke
smoke_CV019022.jpg,0.00,0.00,0.99,0.00,neitherFireNorSmoke
smoke_CV019078.jpg,0.00,0.00,1.00,0.00,neitherFireNorSmoke
smoke_CV019234.jpg,0.00,0.00,1.00,0.00,neitherFireNorSmoke
smoke_CV019265.jpg,0.00,1.00,0.00,0.00,fire
smoke_CV019286.jpg,0.42,0.01,0.09,0.48,smoke
smoke_CV019338.jpg,0.02,0.77,0.19,0.01,fire
smoke_CV019405.jpg,0.00,0.00,0.00,1.00,smoke
smoke_CV019406.jpg,0.00,0.01,0.99,0.00,neitherFireNorSmoke
smoke_CV019457.jpg,0.00,0.00,1.00,0.00,neitherFireNorSmoke
smoke_CV019458.jpg,0.00,0.00,1.00,0.00,neitherFireNorSmoke
smoke_CV019543.jpg,0.03,0.00,0.01,0.96,smoke
smoke_CV019557.jpg,0.00,0.00,1.00,0.00,neitherFireNorSmoke
smoke_CV019560.jpg,0.01,0.00,0.00,0.99,smoke
smoke_CV019561.jpg,0.93,0.04,0.01,0.02,bothFireAndSmoke
smoke_CV019593.jpg,0.98,0.01,0.00,0.00,bothFireAndSmoke
smoke_CV019596.jpg,0.00,0.00,0.99,0.01,neitherFireNorSmoke
smoke_CV019766.jpg,0.96,0.03,0.00,0.01,bothFireAndSmoke
smoke_CV019997.jpg,0.03,0.00,0.04,0.94,smoke
smoke_CV020031.jpg,0.00,0.08,0.92,0.00,neitherFireNorSmoke
smoke_CV020076.jpg,0.98,0.02,0.00,0.00,bothFireAndSmoke
smoke_CV020135.jpg,0.00,0.00,1.00,0.00,neitherFireNorSmoke
smoke_CV020207.jpg,0.00,0.00,0.00,1.00,smoke
smoke_CV020229.jpg,0.03,0.00,0.01,0.96,smoke
smoke_CV020296.jpg,0.00,0.00,0.00,1.00,smoke
smoke_CV020322.jpg,0.00,0.00,0.00,1.00,smoke
smoke_CV020572.jpg,0.00,0.00,0.00,1.00,smoke
smoke_CV020722.jpg,0.00,0.00,1.00,0.00,neitherFireNorSmoke
smoke_CV020734.jpg,0.00,0.00,0.00,1.00,smoke
smoke_CV020738.jpg,0.01,0.01,0.51,0.47,neitherFireNorSmoke
smoke_CV020753.jpg,0.00,0.00,1.00,0.00,neitherFireNorSmoke
smoke_CV020762.jpg,0.00,0.00,0.00,1.00,smoke
smoke_CV020824.jpg,0.99,0.00,0.00,0.00,bothFireAndSmoke
smoke_CV020911.jpg,0.00,0.00,1.00,0.00,neitherFireNorSmoke
smoke_CV020942.jpg,0.00,0.00,1.00,0.00,neitherFireNorSmoke
smoke_CV020987.jpg,0.00,0.00,1.00,0.00,neitherFireNorSmoke
smoke_CV021136.jpg,0.00,0.00,1.00,0.00,neitherFireNorSmoke
smoke_CV021143.jpg,0.99,0.01,0.00,0.00,bothFireAndSmoke
smoke_CV021192.jpg,0.00,0.00,1.00,0.00,neitherFireNorSmoke
smoke_CV021200.jpg,0.00,0.00,1.00,0.00,neitherFireNorSmoke
smoke_CV021232.jpg,0.00,0.00,0.99,0.00,neitherFireNorSmoke
smoke_CV021299.jpg,0.99,0.00,0.00,0.01,bothFireAndSmoke
smoke_CV021399.jpg,0.00,0.00,1.00,0.00,neitherFireNorSmoke
smoke_CV021538.jpg,1.00,0.00,0.00,0.00,bothFireAndSmoke
smoke_CV021548.jpg,0.00,0.00,1.00,0.00,neitherFireNorSmoke
smoke_CV021583.jpg,0.00,1.00,0.00,0.00,fire
smoke_CV021762.jpg,1.00,0.00,0.00,0.00,bothFireAndSmoke
smoke_CV021780.jpg,0.00,0.00,0.00,1.00,smoke
smoke_CV021977.jpg,0.52,0.43,0.04,0.00,bothFireAndSmoke
smoke_CV022158.jpg,0.00,1.00,0.00,0.00,fire
smoke_CV022188.jpg,0.86,0.00,0.00,0.14,bothFireAndSmoke
smoke_CV022199.jpg,0.00,0.00,1.00,0.00,neitherFireNorSmoke
smoke_CV022259.jpg,0.00,0.00,1.00,0.00,neitherFireNorSmoke
smoke_CV022267.jpg,0.00,0.01,0.99,0.01,neitherFireNorSmoke
smoke_CV022338.jpg,0.00,0.00,0.00,1.00,smoke
smoke_CV022365.jpg,0.00,0.00,0.00,1.00,smoke
smoke_CV022436.jpg,0.00,1.00,0.00,0.00,fire
smoke_CV022456.jpg,0.11,0.00,0.00,0.89,smoke
smoke_CV022533.jpg,0.00,0.00,0.00,1.00,smoke
smoke_CV022563.jpg,0.00,0.01,0.99,0.00,neitherFireNorSmoke
smoke_CV022581.jpg,0.00,0.00,1.00,0.00,neitherFireNorSmoke
smoke_CV022624.jpg,1.00,0.00,0.00,0.00,bothFireAndSmoke
smoke_CV022665.jpg,0.04,0.95,0.00,0.00,fire
smoke_CV022702.jpg,0.91,0.00,0.00,0.09,bothFireAndSmoke
smoke_CV022722.jpg,0.00,0.00,0.00,1.00,smoke
smoke_CV022764.jpg,0.00,0.00,1.00,0.00,neitherFireNorSmoke
smoke_CV022783.jpg,0.34,0.66,0.00,0.00,fire
smoke_CV022848.jpg,0.97,0.02,0.00,0.00,bothFireAndSmoke
smoke_CV022984.jpg,0.03,0.00,0.00,0.97,smoke
smoke_CV022991.jpg,0.00,0.00,1.00,0.00,neitherFireNorSmoke
smoke_CV023060.jpg,0.00,0.00,0.97,0.02,neitherFireNorSmoke
smoke_CV023070.jpg,0.00,0.00,1.00,0.00,neitherFireNorSmoke
smoke_CV023092.jpg,0.00,1.00,0.00,0.00,fire
smoke_CV023133.jpg,0.20,0.78,0.02,0.00,fire
smoke_CV023211.jpg,0.06,0.94,0.00,0.00,fire
smoke_CV023269.jpg,0.00,0.00,0.93,0.06,neitherFireNorSmoke
smoke_CV023289.jpg,0.00,0.00,1.00,0.00,neitherFireNorSmoke
smoke_CV023310.jpg,0.00,0.01,0.99,0.00,neitherFireNorSmoke
